Time,V1,V2,V3,V4,V5,V6,V7,V8,V9,V10,V11,V12,V13,V14,V15,V16,V17,V18,V19,V20,V21,V22,V23,V24,V25,V26,V27,V28,Amount,Class,hour_of_day,day,Amount_log
406.0,-2.3122265423263,1.95199201064158,-1.60985073229769,3.9979055875468,-0.522187864667764,-1.42654531920595,-2.53738730624579,1.39165724829804,-2.77008927719433,-2.77227214465915,3.20203320709635,-2.89990738849473,-0.595221881324605,-4.28925378244217,0.389724120274487,-1.14074717980657,-2.83005567450437,-0.0168224681808257,0.416955705037907,0.126910559061474,0.517232370861764,-0.0350493686052974,-0.465211076182388,0.320198198514526,0.0445191674731724,0.177839798284401,0.261145002567677,-0.143275874698919,0.0,1,0.0,0,0.0
472.0,-3.0435406239976,-3.15730712090228,1.08846277997285,2.2886436183814,1.35980512966107,-1.06482252298131,0.325574266158614,-0.0677936531906277,-0.270952836226548,-0.838586564582682,-0.414575448285725,-0.503140859566824,0.676501544635863,-1.69202893305906,2.00063483909015,0.666779695901966,0.599717413841732,1.72532100745514,0.283344830149495,2.10233879259444,0.661695924845707,0.435477208966341,1.37596574254306,-0.293803152734021,0.279798031841214,-0.145361714815161,-0.252773122530705,0.0357642251788156,529.0,1,0.0,0,6.272877006546167
6986.0,-4.39797444171999,1.35836702839758,-2.5928442182573,2.67978696694832,-1.12813094208956,-1.70653638774951,-3.49619729302467,-0.248777743025673,-0.24776789948008,-4.80163740602813,4.89584422347523,-10.9128193194019,0.184371685834387,-6.77109672468083,-0.0073261825777121,-7.35808322132346,-12.5984185405511,-5.13154862842983,0.308333945758691,-0.17160787864796,0.573574068424352,0.176967718048195,-0.436206883597401,-0.0535018648884285,0.252405261951833,-0.657487754764504,-0.827135714578603,0.849573379985768,59.0,1,1.0,0,4.0943445622221
7891.0,-1.58550536691994,3.26158454822833,-4.13742198305023,2.35709625199132,-1.40504331370135,-1.87943719306477,-3.51368687087654,1.51560674568816,-1.20716636120056,-6.23456133227108,5.45074606689486,-7.33371406736393,1.36119332407831,-6.60806825219469,-0.481069424899829,-2.60247787045261,-4.83511205239717,-0.553026089102902,0.351948943356815,0.315957258937511,0.501543149467536,-0.54686881157389,-0.0765836358993043,-0.425550366841581,0.123644186352002,0.321984539336613,0.264028160503965,0.132816719764592,1.0,1,2.0,0,0.6931471805599453
8408.0,-1.81328048476897,4.91785071056565,-5.92612969400656,5.70150043141163,1.20439257214362,-3.03513754815611,-1.71340206347108,0.561257390902032,-3.79635425171163,-7.45484065078351,7.38805512292025,-10.4752286504099,-0.379314526756117,-11.7367291212569,-2.08698895215593,-2.44235398293755,-3.53552351168246,0.130360306640887,-2.07145048844325,0.576656033332069,0.615641835107552,-0.4064272753179,-0.73701807643754,-0.279641772215917,1.1067663744335,0.323885477719453,0.894766671515833,0.569518600269514,1.0,1,2.0,0,0.6931471805599453
9064.0,-3.49910753739178,0.258555160773118,-4.48955807274398,4.85389435139681,-6.97452154477167,3.62838209065084,5.43127092073166,-1.94673371078472,-0.775680092900109,-1.9877731876087,4.69039566550924,-6.9980424321007,1.45401198637847,-3.73802333366749,0.31774206255503,-2.01354268083989,-5.1361351026702,-1.18382211654359,1.66339401354543,-3.04262575715977,-1.05236825623151,0.204816873569406,-2.11900744010783,0.170278608305444,-0.393844118118335,0.296367194488607,1.98591321801306,-0.900451638402827,1809.68,1,2.0,0,7.50145774431356
9434.0,-1.5303556304833,1.29051555640139,0.738410477410175,-0.457842007679475,-0.107840017598547,1.10588770046468,-0.700017004353259,1.35543682972415,1.71222646502298,-1.13858551144282,-0.0639462413466396,-2.22475463360287,0.354641370476004,1.74098226839469,-2.55066455417954,0.20429194783742,0.678005601344984,0.432005613842427,0.0184908761398634,-0.219135502527824,-0.221933871290871,-0.251064438833746,-0.242827177978784,-1.38856367725463,0.176284153838313,0.445314441470358,0.155731481970965,0.0754866373311131,0.01,0,2.0,0,0.009950330853168
11092.0,0.378274504006009,3.91479678866992,-5.72687201536627,6.09414095882864,1.69887526405022,-2.8073139468834,-0.591118212837213,-0.123495593086659,-2.53071281390832,-5.15309460989926,4.65408842254301,-7.83953899762349,1.37181858033581,-9.63468971263612,-0.739596855842826,-0.663203945673478,0.891934540534899,0.978675639075006,-2.00547660274646,0.440439440893876,0.149895683076911,-0.601967245529085,-0.613724335539499,-0.403113687819411,1.568445255978,0.52188393400233,0.527937749881352,0.411910405834512,1.0,1,3.0,0,0.6931471805599453
11629.0,-3.89119195123086,7.09891625215749,-11.4264670967961,8.60755678650129,-2.06570621026229,-2.98528802203595,-8.13858941693861,2.97392807853452,-6.27279046836547,-13.1934150665232,11.6197234753825,-17.6316063138707,-0.355194389515515,-18.8220867423816,-1.2831290856146,-10.0310966568698,-15.2270075099256,-5.32200898058982,-0.501750653452579,1.38261899967275,1.75708522742867,-0.18970915318715,-0.508629244173448,-1.18930816877394,1.18853649934791,0.605241885913626,1.8815287524148,0.875260407222375,1.0,1,3.0,0,0.6931471805599453
12393.0,-4.06400473842815,3.10093489093256,-1.18849800365476,3.26463274045175,-1.90356235801726,0.3203505872957,-0.954940039087007,-3.27753491983773,2.82082866173719,1.01511287978593,3.18718689736493,-7.00432728360605,0.872710605485111,-6.22060535304292,-0.904444629573358,-3.07509188469837,-5.04473569177435,-1.71808268516882,-0.662462068430895,-0.531897693292296,1.68866543097474,-0.0788446980063478,0.19373092657711,0.479495953884992,-0.50660305739906,-0.409862744197452,-3.03627132936069,-0.630605198840545,179.66,1,3.0,0,5.1966168117216975
15817.0,-4.64189285087538,2.90208643306647,-1.57293870931742,2.507298518227,-0.871782564349351,-1.0409025722626,-1.59390073966645,-3.25490508581579,1.90896268593707,1.07741752106048,3.33850216040272,-6.54261034532574,1.09953638182128,-3.26647554459315,1.01472790444294,-4.84238307827835,-5.269876299726,-2.34466857415508,1.95922405409272,-0.465679220344122,1.96359666634146,-0.217413915973245,-0.54933995583883,0.645545202036521,-0.354557818794591,-0.611763845006479,-3.90808047547799,-0.671248265147117,11.39,1,4.0,0,2.516889695641051
17220.0,1.18978435670385,0.942289402014327,0.0823341450498769,3.02404970580847,0.412406009418248,-0.214414558479438,0.0535578385040748,-0.110353351082093,0.883797757350066,-0.554223900525873,0.154921008931302,-2.77675657494788,1.6412066261065,-0.45607695680899,-1.24041439240797,0.857322735948866,1.70702446635297,0.526349196477535,-0.865104609842214,-0.143434644974988,-0.502635558485173,-1.04739752764089,-0.0567520238885425,-0.340688404752184,0.541235201259928,-0.0983002868955662,-0.0030411199129353,0.049819020358336,3.79,1,4.0,0,1.5665304114228238
19762.0,-14.1791651073631,7.42136996239257,-21.405835744128,11.927511869244,-7.97428068736155,-2.20271027666529,-15.4716122801735,-0.356594909586509,-6.38012489838839,-13.3482776536659,10.1875873241664,-14.5639797552132,0.59375935763569,-14.4915983463022,-0.281392503951236,-8.2641288443605,-12.4398049728466,-4.83707902601307,0.753149847889189,1.00276434172175,-2.36683606243662,1.13095519799655,0.991153238179024,-1.03313210707298,-0.327179344936207,0.634692903522304,2.17190494464567,-1.39528768393339,1.0,1,5.0,0,0.6931471805599453
21413.0,-9.62819067526447,5.41076850115867,-7.39116646730034,1.66317053751009,-6.0879586072292,-1.93817364970339,-3.59990994937867,5.95205441226828,0.989964228166407,0.610619374909363,-1.17446313485438,-0.067274208761913,2.27938044476501,5.84050471748064,-0.211635411908207,1.16636594607522,3.09002888205394,0.403272953346632,-0.511441264928672,-0.0194373504201521,0.0982441291484781,-0.310455254184442,-0.283371691203191,0.708302301584774,0.0116908981340954,-0.441672548575922,0.0961528207883126,-0.0661199686293705,89.99,0,5.0,0,4.5107496103686
21587.0,-0.607784389855905,1.31918081471563,0.758243075439344,2.8686988797033,1.22330669995554,0.0737303385731838,0.93156948420884,-0.372569308156588,-0.408198181484047,0.614958687148518,-0.361714129959725,-2.94663341797619,2.64011292651256,1.67695345218016,0.182878324906013,-0.174310440155123,0.422021802025014,0.375232321797864,1.10636474290047,-0.0612316716438327,-0.126207329017001,0.0848821191821249,-0.0136115734719745,-0.633473386612253,-0.0780637438399402,0.240244208877144,-0.0555836633956817,0.0866763118862128,26.51,0,5.0,0,3.3145495749364833
25198.0,-15.9036352020113,10.3939171427504,-19.1336024646827,6.18596883540498,-12.5380209157442,-4.02703044708406,-13.8978265981985,10.6622517826007,-2.84495398482036,-9.66878891236125,7.39441941053863,-11.6356300484755,1.42327692545531,-8.64045910049478,-0.674719538892936,-7.69556878829619,-13.6841395944616,-4.77740603940726,1.26834277321029,1.50156541071894,1.57754822493456,-1.28013712313136,-0.601294526869194,0.0404039214626868,0.99550197117886,-0.273742711729157,1.688135896398,0.527830799573719,99.99,1,6.0,0,4.6150215020384655
25231.0,-16.5986647432584,10.5417508026636,-19.8189818085279,6.0172946473619,-13.0259010501237,-4.12877900260013,-14.1188648469369,11.1611439952369,-4.09955143059712,-9.22282550730978,6.32936467621872,-8.95219071159749,-0.138363691274054,-9.82505442102721,0.0572235922374037,-7.54168742379503,-14.2595985921417,-5.03505152375192,1.43226792970939,1.53491982113512,1.72585282658181,-1.15160577552799,-0.680051901875725,0.108175914514646,1.06687834149611,-0.233720431391328,1.70752055210726,0.51142316911239,99.99,1,7.0,0,4.6150215020384655
25254.0,-17.2751911945397,10.8196653713117,-20.3638859739149,6.04661174671427,-13.4650333517322,-4.16664724489873,-14.4094479851747,11.5807967244857,-4.07385571204177,-9.15336803834587,6.21088301172371,-8.77857203246194,-0.0613674966661798,-9.57466229922106,0.0492885399107771,-7.41848727872681,-14.1027718764864,-5.01642333521081,1.39031436050276,1.54497046707519,1.7298040916597,-1.20809608165502,-0.726839224163999,0.112539673508366,1.11919347248491,-0.233188990129274,1.68406299250578,0.503739738280361,99.99,1,7.0,0,4.6150215020384655
26585.0,-19.8563223334433,12.0958932259299,-22.4640827464876,6.11554110191771,-15.1480215209615,-4.34672408349599,-15.6485074722661,13.2768048056341,-3.97416161954102,-8.85919405880884,5.73081553744459,-8.08803351213651,0.230824969324902,-8.57897327333454,0.000946636693186,-6.94774606726094,-13.4728970076501,-4.94021082886802,1.23014255193802,1.58292955492187,1.75072984045421,-1.40963570908141,-0.809809278333882,0.121396659905885,1.35030007077468,-0.224291873525585,1.59762136835254,0.476919818025438,99.99,1,7.0,0,4.6150215020384655
26863.0,-21.2091195927913,12.6521968313004,-23.5539329441267,6.17407791004356,-16.026658125511,-4.42219459449987,-16.2294437253382,14.1160019049786,-3.92274144947115,-8.72024451506225,5.49388683652872,-7.7408158639401,0.384814230466723,-8.078240669038,-0.0148996037313368,-6.7012888702885,-13.1592668578419,-4.90303149501704,1.1462752482696,1.60243883702914,1.75844007534189,-1.52258816196329,-0.903860197993699,0.130166452450156,1.45485651906738,-0.223214403323927,1.55092845004664,0.461459566763514,99.99,1,7.0,0,4.6150215020384655
26931.0,-22.5616992591298,13.2089042844176,-24.6438187771226,6.23253182330679,-16.905611362323,-4.49743871970001,-16.8101841919321,14.9551067734604,-3.87129682308601,-8.58126551626339,5.25698760960799,-7.39361499215009,0.538800829120431,-7.57755201800709,-0.030725531904052,-6.45478323655342,-12.8456565242928,-4.86591773720169,1.06244185030067,1.62144422472126,1.76598663639159,-1.6355166467436,-0.998316503452087,0.138972227361725,1.55935014018173,-0.22212451669,1.5044246600224,0.445919826109776,99.99,1,7.0,0,4.6150215020384655
27252.0,-25.9424344479142,14.6019980426299,-27.3686502881266,6.37839460769688,-19.1040334039646,-4.68480620428185,-18.2613929340355,17.0525663121462,-3.74260500983864,-8.233721369876,4.6648362538527,-6.52566786025865,0.92375858946558,-6.32597461208273,-0.0702237027595964,-5.83836021908828,-12.0616957125199,-4.77334851403019,0.852969608454831,1.66730429040185,1.78431598423494,-1.91775921336107,-1.23578743924962,0.161104731783341,1.82037804128869,-0.2193590586868,1.38878576213598,0.406809649908512,99.99,1,7.0,0,4.6150215020384655
27784.0,0.288028928428076,0.965681439446855,-1.45949519977085,1.92186300234526,-1.91241402974899,-1.13028190025527,-2.81426265960526,0.648663224885543,-0.695262639845074,-3.46568908576121,2.35161910622909,-3.82670531942496,-0.767569849115369,-4.8528669146236,1.66486300420352,-2.61736133003734,-4.83555830647772,-1.92175160139324,-0.385884175181753,0.330916894188196,0.603127128021142,0.380690182113136,-0.0641251755885565,0.271380100640141,0.33721953478356,0.626155869423677,0.565124825956713,0.305925255390835,23.36,1,7.0,0,3.192942442841696
29785.0,0.92376442016477,0.34404807190464,-2.88000365579163,1.72168007534123,-3.01956477860235,-0.639736122583852,-3.8013245024591,1.29909588513018,0.864065471140902,-2.89525166830126,3.02816223099618,-2.54917730779636,-1.56043182473423,-2.97131675769274,1.07889539651163,-4.70201182527384,-4.90809850732764,-1.5088732903485,3.0016850593747,0.170871765618069,0.8999311755668,1.48127100376248,0.725265549161058,0.176959582872624,-1.81563797523647,-0.536517111308732,0.489035020411905,-0.0497285787992942,30.3,1,8.0,0,3.4436180975461075
34020.0,0.925688546064135,-0.419525966393025,0.0665797216865205,0.310316385596025,0.58435146226327,2.05345987856833,-0.381226224310873,0.621528571518524,0.208712259530579,-0.266815467789675,1.42729496719315,1.42452438452314,0.152000637495204,0.172323285575091,0.222489660242877,-1.1465034451896,0.738078734247149,-1.9753086508008,-0.773103342280806,-0.0669371143305111,-0.0668960952593251,-0.0351032073751124,-0.0138377224931032,-1.64513541914462,0.160728518102812,0.520346471151621,0.0249481222187964,-0.0083955292859376,74.19,0,9.0,0,4.320018243389936
34882.0,1.15647217591523,0.016933010997362,1.14078978637864,1.19220429999975,-0.676120352727025,0.265896759977808,-0.642539951183101,0.210333828764121,0.407602042446347,0.0776774093857649,0.769639219748005,1.16435017246801,0.546991778805876,-0.181909012635509,-0.147093731479535,0.554522605527374,-0.820891912372153,0.745561045728068,-0.0718878775461862,-0.0906374259560939,0.15608125885352,0.624600014490327,-0.14341980519929,0.0394275886039691,0.538470290487212,-0.240655733322997,0.0675431928339977,0.0226794888090743,1.0,0,9.0,0,0.6931471805599453
35261.0,-0.685025084715448,-0.311532458174063,2.21950949114169,-1.11190771281243,-1.23995774753665,0.862565274703395,-0.0736468287822102,-0.0904042546091839,-0.93755072140574,0.819812836430825,0.443017858073147,-0.109654172449069,0.871022704226033,-0.675331784378674,1.07974739189113,-0.614725564145656,-0.78796514671405,2.57578922876338,0.316304333436811,-0.349713626265162,-0.169867884683019,0.318875210853136,-0.0563071143776153,-0.437703520209759,-0.412550869829752,1.18913123496034,-0.204789398767145,-0.206663201542519,125.9,0,9.0,0,4.843399374720342
35771.0,-3.21895201068387,2.70853541135777,-3.26304158740062,1.36186594394607,-1.64577567536596,-1.85298187130258,-3.06995821412732,-1.79687585578416,-0.213356097435365,-3.55198400939375,3.77974953895486,-6.98477147722078,-1.14097718858781,-9.37787845231763,0.921463506707037,-4.65207119462111,-9.09423129737693,-3.08254995409724,0.132330776389272,0.571654488206511,1.80787725006384,-0.890421395077162,-0.325814386573867,0.123039596922715,-0.0930137472776971,0.232105969675678,-0.310518998304807,-0.745294626799623,60.6,1,9.0,0,4.120661870539474
35953.0,-4.84437152213983,5.64943864783758,-6.73039574613665,5.25284201867297,-4.4095661499774,-1.74076745609347,-6.31169852901067,3.44916731253577,-5.41628435913526,-7.8335555711125,3.6573495649865,-7.7814479532704,1.50772042676786,-8.60475886835984,0.0105926875670707,-6.55397325691037,-12.6243936527694,-4.98990973846596,1.64541389333247,0.284555090358885,1.19488835625662,-0.845752531858704,0.190673885417928,-0.216443252531192,-0.325033100382822,-0.270327592956951,0.210214051535782,0.391854886292055,111.7,1,9.0,0,4.724729421045731
36778.0,1.06675751924242,-0.987316387677974,-0.0992370591508278,-0.307302036467075,-1.06262023345694,-0.994216228154616,0.0184898592148769,-0.348546739602825,-0.838796660919994,0.537730172556602,-0.718755976905204,0.04131628407417,0.314593994290477,0.0332347293722343,-0.0352974849652733,-1.77887710664351,0.309999071476335,0.616346414882135,-0.518269071077619,-0.13399746707803,-0.34170780948021,-0.769532811651251,-0.161709942339596,0.45220913716328,0.374352578296729,1.0726618572176,-0.101152507852587,0.0288822198931489,182.54,0,10.0,0,5.212432627390867
39389.0,1.15032005657769,-0.724876958423798,-0.0088911711914564,-0.750744433584723,-0.553995383157069,-0.0022059069793569,-0.334439625465648,0.133648152504773,-1.24221984207545,0.751553782000093,1.59996849992755,0.298518173698195,-0.812917318526194,0.743097666538893,0.624845977959175,-1.72539547789672,0.42627439047116,0.0614002830715459,-0.930472194122961,-0.46100793707174,-0.669094151462035,-1.68086434124582,0.291932073286192,-0.334216936101113,-0.246748697329373,0.661749040374591,-0.0650645002440468,0.0011469560130845,74.99,0,10.0,0,4.330601752681694
40024.0,1.02989306368688,-1.41551553471472,0.387368705529458,-0.577719860905609,-0.83125395289234,1.0253921218337,-0.893716530373224,0.163630033205084,0.0310101662837656,0.217424926285986,-1.63916392891261,0.0032024433320106,1.45291428383402,-1.15563549337235,-0.427945343334323,0.825269017192366,0.401958795772582,-1.63755514367381,1.01463854669348,0.52205378385129,0.066263152426237,0.0345151935899266,-0.318362938063174,-1.25773489224591,0.465927544853965,-0.15165928028999,0.040283778125371,0.0431842384096165,200.0,0,11.0,0,5.303304908059076
40221.0,-0.357034873332269,-2.93658704616372,0.266157641702269,0.713515953017704,-1.75638304645455,0.667040847923251,0.15376295142947,0.166119277395289,0.923831922672127,-0.670526287317606,1.05506073113121,1.12960372732195,-0.466967386156193,-0.0624189369543827,-0.603595636130117,-0.0929598290186392,0.221966387231686,-0.377695380738781,0.155383348409212,1.43306044076138,0.304800157741682,-0.6287441776287,-0.573747339316309,0.118424360830745,-0.264385093719086,0.874896475496652,-0.169016265246907,0.133236283467521,775.65,0,11.0,0,6.654989798433916
40276.0,1.15937314510686,2.84479469928473,-4.05067950821309,4.77770088131929,2.94898004123771,-2.01036111013216,1.74408581794948,-0.410286521869204,-2.45019774688553,-2.04216786301424,1.84409317018026,-2.42593281501277,-1.5842751343556,-7.2083115791564,0.459828383286257,2.37529619792022,6.4435098643744,2.59184606301795,-2.88977035831304,-0.059264385833904,-0.176541018596848,-0.433469859425429,-0.529323202003731,-0.597019604985794,1.33595405267787,0.547092070642555,0.0099789442639121,0.160769150049196,1.0,1,11.0,0,0.6931471805599453
40742.0,-2.37753280180283,0.520539361927579,-8.09413945532841,8.00535147326105,2.64075021376276,-3.38158645291742,-1.93437244067366,0.562322111872781,-3.10402718606356,-3.05121035544102,5.73576265915634,-4.74769250131792,-0.784223284478966,-10.7163393018774,0.656516978131348,-1.14246727231018,0.91859080878698,1.12633522330277,0.0929734778841175,-0.634747080915274,0.148284201590387,0.7210995412337,2.66129069804724,-0.508619933518595,-0.401656629278738,0.587611216267645,0.500326371108344,0.551759687906722,1.0,1,11.0,0,0.6931471805599453
40919.0,-2.74048250153169,3.65809481979987,-4.11063552027473,5.34024166876747,-2.66677476000958,-0.0927818149405728,-4.38869880914515,-0.280132705503576,-2.82189458229917,-4.46628416302479,3.96979981229186,-7.34671678644283,-1.16331176961366,-8.22556891234807,0.82500183194645,-6.77286703365235,-8.81578542555918,-4.56885928410549,1.12659865645629,0.185325269832133,2.41749541196206,-0.0977119508973041,0.382154506973307,-0.154756519767143,-0.40395592644091,0.277894930235294,0.830061638644528,0.218690442242457,112.33,1,11.0,0,4.730303916744857
41138.0,-4.59561704249556,5.08369023030901,-7.58101461744265,7.54603279503791,-6.94916456384443,-1.72918492987346,-8.19019171984817,2.71466961013434,-7.08316933143187,-11.1412776902967,7.38185937432083,-14.4686550955305,0.299659909360646,-13.602211465597,0.516112699650764,-13.5632729563133,-23.8156358284126,-9.17055721888169,3.66952343976659,1.68216030642087,2.24897122592187,0.566843572297808,0.0337440528595468,0.591783408003629,0.334228764687698,0.386801106292112,2.16389776726335,0.983103834042297,340.11,1,11.0,0,5.832205005910728
41147.0,-5.31417320646342,4.14594361146639,-8.53252245892907,8.34439167363678,-5.71800820787464,-3.04353608094129,-10.9891846672722,3.40412865609659,-6.16723364181153,-11.435623996076,7.67453383416429,-14.2960914258331,0.526938923712363,-15.4450258118019,0.991651201275811,-12.3913460034009,-22.5416517287861,-7.98672065349455,2.99255446334225,1.15001731865814,2.33146580801509,0.862996305559532,-0.614453237551036,0.523647877136623,-0.712593271662611,0.324637964828057,2.24509146635599,0.497320848969724,88.23,1,11.0,0,4.49121730591206
41186.0,1.26784946672497,-1.50667205078734,0.26432363024703,-1.29117387262885,-1.36612082365479,0.222989746501749,-1.09938374445841,0.154661616082063,-1.6013852147236,1.4116763662273,0.640932371553092,-0.473297103774313,-0.659096254697431,-0.20325738982618,-0.948896436526221,-0.871426175792962,0.902005123426558,-0.135612069327135,0.210837491965175,-0.249316263674611,-0.282563332263128,-0.502467513566702,-0.0414598403376899,-0.333825622392214,0.322607555379304,-0.216773896257283,0.0288464637900524,0.0147137305239019,99.8,0,11.0,0,4.613138355637268
41203.0,-8.42681446458936,6.24165891255794,-9.94646974501132,8.19961393161759,-8.21309336768256,-2.52204605104398,-11.6430282742756,5.33950009801351,-7.05101582770698,-12.2653238444006,7.04773274001302,-13.7429528415799,0.821627223133927,-14.1074642630375,1.02047093981622,-11.8478871921138,-21.6739867132891,-7.78404247450965,3.20430921695579,0.563869352833826,2.42746037443776,0.692666548056743,0.0203051671536146,0.499809093124917,0.467593621860553,0.483161969665241,1.19567086957704,0.198294350072086,88.23,1,11.0,0,4.49121730591206
41233.0,-10.6457996485752,5.9183066586857,-11.6710425949575,8.80736917876038,-7.97550136587277,-3.58680634405361,-13.6167970541448,6.42816934590602,-7.36845129274034,-12.8881582878915,6.85495311388866,-13.2116950297251,1.03561234332246,-13.7789556397675,1.04044835530024,-11.2903278082585,-20.5780220491922,-7.54782411219534,3.11847976563045,-0.0461701790327979,2.57196959291347,0.206809359357246,-1.66780140024191,0.558418754024331,-0.0278978765982558,0.354253781525514,0.273328726801416,-0.152908080809092,0.0,1,11.0,0,0.0
41237.0,-10.2817840384715,6.30238478416897,-13.271718028752,8.92511547634157,-9.97557831146449,-2.83251346361162,-12.7032526593299,6.70684583868978,-7.07842395823848,-12.8056831898117,6.78605830197451,-13.0642398936784,1.1795245105938,-13.694873039573,0.951479176238826,-10.9542857275047,-20.5835927904158,-7.51726213169106,2.87235363605874,-0.247647527731929,2.47941350799644,0.366932842343897,0.0428046480276363,0.478278891799746,0.157770817898023,0.329900959238367,0.163504340964582,-0.485552212695879,118.3,1,11.0,0,4.78164132910387
41313.0,-13.8972058704019,6.34428045616839,-14.2816664432471,5.58100899740718,-12.8871331616131,-3.1461763671985,-15.450467216827,9.06028147442157,-5.48612077680694,-14.6764702497464,5.1483517210937,-10.7495919949504,1.58548896754337,-9.79801207658904,0.733276999106463,-12.675268899047,-20.7406637223494,-8.15366802624724,5.2283417900513,-1.02522792390103,3.05808183846397,0.941180290424241,-0.232710298333368,0.763508019302571,0.0754562386388435,-0.453839571774416,-1.50896825698328,-0.686835738780169,9.99,1,11.0,0,2.39698576841553
41505.0,-16.5265065691231,8.58497179585822,-18.6498531851945,9.50559351508723,-13.7938185270957,-2.83240429939747,-16.701694296045,7.51734390370987,-8.50705863675898,-14.1101844415457,5.29923634963938,-10.8340064814734,1.67112025332681,-9.37385858364976,0.360805641631617,-9.89924654080666,-19.2362923697613,-8.39855199494575,3.10173536885404,-1.51492343527852,1.19073869481428,-1.12767000902061,-2.3585787697881,0.673461328987237,-1.4136996745882,-0.46276236139933,-2.01857524875161,-1.04280416970881,364.19,1,11.0,0,5.900417766089615
41743.0,-2.14441147422114,1.0734990949761,-2.77366294436956,1.38439373061694,-4.01547712730958,0.747235431622141,1.52563753547227,0.192987836205386,-2.43186196584916,-4.15583783449678,4.35477463025116,-2.87240010922107,0.468875462284219,-4.55566674751092,0.699671492981511,-2.90114077639634,-4.67466711122835,-2.21362325223921,1.29616504982889,0.668123787084126,0.14465327974064,-0.885681640451265,0.625098628062992,0.0965268919194303,-0.189454895625625,0.532908314019749,0.423044721673666,-0.210266310409715,802.52,1,11.0,0,6.689002075969221
41991.0,-4.56634156694274,3.35345148012501,-4.57202780762531,3.61611930403552,-2.49313810882875,-1.0899997127127,-5.55143306976649,0.44778308394893,-2.42441402571208,-5.69992228265959,3.58682418337431,-6.63622904939297,-1.1281764439465,-7.24554959537009,0.638325536245456,-6.85681003898144,-8.85187850534679,-4.5918832274368,0.936939858866071,-0.249127726683026,2.67446587862872,-0.0208799797343963,-0.302447083877198,-0.0863964000107124,-0.516059779833395,-0.295102234035121,0.195985145691014,0.141115102721758,1.0,1,11.0,0,0.6931471805599453
43494.0,-1.27813773524814,0.716241580332591,-1.14327922918382,0.217804800631468,-1.29389046969973,-1.16895152511977,-2.56418198278833,0.204532467641239,-1.61115462297744,-1.25028553742691,3.36736102310858,-4.58309584545642,-0.806939683730076,-5.20830522179452,0.525823682164556,-1.81591431259746,-5.24911146794949,-2.19669120679566,2.10905264474381,0.817203155491914,0.490182667533974,0.470427403079725,-0.126261344339209,-0.126644458784455,-0.661907559467122,-0.349792996571914,0.454851068382725,0.137843477172283,24.9,1,12.0,0,3.254242968705492
43784.0,-0.343852091693717,1.4475303855693,0.0197067500513498,2.75416974599604,0.0996497131687113,-0.0641036793206924,0.655235638733336,0.41703758025223,-1.81648252780183,1.03651317519961,0.518737485013643,-0.0753965030851521,-0.602534491295803,1.16772549116663,0.110111109600786,0.0468580120421473,-0.1062835129279,0.630244832384593,1.15651373165385,0.19445866110766,0.242626625893694,0.574137747668372,0.218365897219255,-0.0019502454512097,-0.975815464931891,0.102874825204702,0.333828305419449,0.2347230001431,71.91,0,12.0,0,4.289225803818339
44247.0,-5.85505665138033,-5.01472430200625,-0.426515944216749,0.553023755423243,-4.61424748632378,3.61432861674481,5.67340917855467,-0.921780588067577,0.711814859465745,-1.19277545834332,1.48916355367961,0.367411617993601,-0.256400390768265,-0.956404178625104,-0.304786935975782,0.640300727016546,-0.221604519120143,-0.91554978927447,-0.105568115667503,-2.84006441173827,-1.20020534209098,0.296393717709892,2.2205515519583,-0.11778690550528,0.772413771921233,1.00358454772486,0.236218070243658,1.3606615485418,1380.55,0,12.0,0,7.230961336252872
44532.0,-0.234922308660103,0.355412643473604,1.97218278594888,-1.2555927126284,-0.681386509254345,-0.665731671302037,0.059110489686438,-0.0031532770910343,1.12245113562848,-1.48124586053984,-0.473852105914046,0.9221844195147,0.913513839827119,-0.499349578859305,0.933898442932603,-0.560471962989049,-0.207706529097452,0.380541571066627,0.574335960915453,-0.0034694628125566,0.220670430492642,0.912107214037724,-0.286337679755902,0.451208246513352,0.188315252003614,-0.531845781256926,0.123184687838547,0.0395806345060398,1.0,1,12.0,0,0.6931471805599453
45541.0,-1.51924353075082,2.30849245367643,-1.50359931953802,2.06410058377601,-1.00084505842829,-1.01689703316417,-2.05973051990126,-0.275166374590629,-1.56220609694371,-2.75579692797163,3.43824825990431,-3.52152936013651,-0.918761288376486,-4.45210024854037,0.499313753853031,-2.90790343439971,-5.24864639527919,-0.936814652613817,1.16012029433585,0.175018552247898,1.30787143187069,0.102825644139183,-0.0177462832428156,0.149695925673219,-0.0966024680642115,-0.369114567720136,-0.0192440931269227,-0.20831909164279,1.0,1,12.0,0,0.6931471805599453
45679.0,-2.66476050844974,-0.94432640164504,2.28786546804027,-0.0584654607974579,0.910146572372164,1.41697398342037,-0.747145159038097,1.04050722452807,0.806135784305166,-0.947351527936022,-0.279458351417623,0.863287828028513,0.198615655032029,-0.808561670768572,-0.0540906162186805,-1.30003997685335,1.1227095812257,-2.05228072121116,-1.78295429176057,-0.348898084340169,0.101417166647794,1.27682043982299,0.952918897426298,-0.888183150501648,0.584409361611956,0.782723132825708,0.121528260495608,-0.328092612058808,1.5,0,12.0,0,0.9162907318741552
47982.0,-1.23280412810524,2.24411874456383,-1.70382579275654,1.49253586483501,-1.19298516971563,-1.68611021267902,-1.86461150490967,0.856122313785725,-1.97353527775248,-3.94238290411726,2.40165068027699,-3.39426561777896,-0.145161724970334,-4.32979551307589,0.758760885824274,-3.19904647594093,-4.48018356526203,-2.48566878350317,-0.0958074336903356,0.207889301735382,0.560475065574211,0.165681717805126,-0.0137535165177887,0.474935180269258,-0.218725074414735,0.302809125708237,0.46603094153746,0.250133538809307,0.76,1,13.0,0,0.5653138090500605
48022.0,-1.26819252903734,1.40952100013629,1.31133787331552,0.169807001456961,-0.325698015848607,-1.28191506211619,0.572625860574588,0.135333865945064,-0.519646837360099,-0.561311143208888,-0.150866649871159,0.626707806629094,0.440350250710094,0.341712719326017,0.219534286257216,0.298594321023394,-0.452196224666013,-0.464102067857747,-1.06825570486918,-0.328418853225241,0.0214476761501271,-0.264648857660228,0.122648824628584,0.869310259084424,-0.449695238623888,-0.925398919071283,-0.40007135351719,0.1361502750021,9.99,0,13.0,0,2.39698576841553
48733.0,-1.49869129689944,-0.911812500440239,2.38005020871265,-0.315370299052356,-0.412292930250939,-0.460724547864809,-0.163415350822509,0.283237364361648,-1.20999440326754,0.0706038960021123,0.528928217144252,-0.156621310328954,-1.10990805861747,0.0761138034126861,-0.821995446727858,-1.10328810139527,-0.38221202766301,2.15930811791049,-1.41030011441968,-0.122667355634891,-0.0023417939958489,-0.0136095337882251,0.115215354355126,0.453680233927635,0.525640637442711,-0.336346022403878,0.010895924127617,0.0891744888876761,133.5,0,13.0,0,4.901564199041894
49310.0,-5.7979983427368,3.8218197768943,-2.81764900468036,0.748123191062092,-0.15981373146013,3.20460551962445,-6.85622715444068,-14.8215578589022,-2.68942613508595,-3.59445790912344,0.296153716628769,2.08400996217328,-0.100246879341178,1.41349911357401,0.520926243570488,1.57642523688303,1.99682226891328,1.18096695212298,0.357554635834705,3.26832315822902,-7.72311993706075,2.23467482746524,0.819744549406905,-1.49691392511112,0.0431551374264014,0.456475185579824,-1.20586490244902,-0.405186078456205,0.76,0,13.0,0,0.5653138090500605
50918.0,1.07439564799526,-0.643549416962253,-0.476208084934343,-1.44137080858343,-0.277451150139139,-0.499313700160508,0.155339572701385,-0.0770984841100453,1.04146656443035,-1.00530914971613,1.27856875003143,1.32226072247497,-0.304709213941875,0.528653051842579,0.339867409363462,-1.06368468648273,0.14874451018066,-0.256654320990907,1.05248819525562,0.0870863091204476,0.0763195853193473,0.226739664422719,-0.280186165137102,-0.218247067485556,0.717197026697522,0.116959011325816,-0.0218884360973587,0.0028768944149916,109.0,0,14.0,0,4.700480365792417
51135.0,-10.5273044341626,7.63974510878724,-13.4431145027514,4.30340291762786,-8.04820986720506,-3.46699653575204,-8.64319279153494,7.28410530047069,-2.36209663777244,-5.99659592015915,2.5891035399443,-5.9622614216576,-0.468955402702701,-6.77818372152522,0.907946622048306,-3.97013003226966,-6.85761265464239,-2.51173568202806,0.511761951503497,0.847085223070639,0.937415595523653,-0.931178206442092,-0.235696693319785,-0.0313933540844794,0.591558276561224,-0.263516323288921,1.10889729755393,0.219021143211497,99.99,1,14.0,0,4.6150215020384655
51524.0,-0.744685289389504,1.09457709033438,2.02420847392827,1.19331410975473,-0.704452225975306,0.0405384742139515,-0.163720062771394,0.560320520097939,-0.285927119539498,-0.738048017442543,-0.203083896278313,1.11524459527131,1.08309238624627,-0.175676721787962,0.22614886311524,-0.856185359041044,0.644209580723433,-0.468111798752097,0.0214952126447119,-0.0989147549144167,0.313785424107733,1.12107873297029,-0.133793680495187,0.672598893972842,-0.186178954387054,-0.191536158179894,0.0972489208836125,0.0930101508899278,2.24,0,14.0,0,1.175573329804238
52814.0,-1.10184700698197,-1.63244121283891,0.901066556872515,0.847752885502341,-1.24909072939532,0.654936785498635,1.44886782586722,0.0233079125519542,-0.136742416820243,-0.150129182778684,1.17235508293037,-0.795988136674965,-2.13695096583302,0.578869439330842,1.4121147225086,0.0134668068434063,-0.119204381070058,0.826814373772222,0.476859902488945,1.23027784051309,0.610653920616913,0.835795006603528,1.17995542066426,-0.0290908864225033,-0.300895693792436,0.699174952578756,-0.33607170899039,-0.177586827857027,519.9,1,14.0,0,6.255558084751145
53937.0,-2.04260819938332,1.57357807373238,-2.37265243271278,-0.572676430720841,-2.09735276458226,-0.174142123011242,-3.03951978687359,-1.63423295064356,-0.594808638750073,-5.45960189444545,2.37853722491518,-2.33027064686235,-0.24623272486659,-4.05852343611281,-0.316983146603949,-2.52266081131673,-5.60340034818128,-0.778439963776289,0.860211793588662,0.825565985313424,-0.723326195587733,0.501221637302624,-0.696892260580304,-0.600513726439022,0.127547028812739,-0.786072220292301,0.606097322391548,0.171696507911815,261.87,1,14.0,0,5.571659613394992
54165.0,-1.82232364186176,1.70132879788563,-1.12677746471766,-1.25633410536903,1.84208471038319,3.2113580463771,-0.51723786174586,1.61346433687023,-0.450997788879687,0.0555532191652876,-0.476932429867869,0.0590730242300863,0.0488843822321011,0.753436501153943,0.872833214736627,0.578274194779215,-0.549879799182096,0.144916773133242,0.396831180348137,0.0427972876984578,-0.0835925385984438,-0.680980317584151,0.0896706958090254,0.990478605784108,-0.0707953911912855,0.0936125462921154,-0.369609473448758,0.137853732762222,5.25,0,15.0,0,1.8325814637483104
54846.0,-2.98646550822273,-0.0008912294816884,0.605886830263541,0.338337780759695,0.685448451171472,-1.58195443740193,0.504206377175919,-0.233402618007887,0.636767742518801,1.01029102209398,0.0045179679664243,0.0443966388940644,0.420853062352676,-0.931614224984722,1.14797368277192,0.48306309357216,-0.152470829644753,-0.285666258848129,0.0725498490088206,-0.764274258309323,-0.875146363670133,-0.509848660993286,1.31391790371009,0.355064731381086,0.448551563224067,0.193489780350156,1.21458768687535,-0.0139228973515758,1.79,1,15.0,0,1.0260415958332745
57007.0,-1.27124419171437,2.46267526851135,-2.85139500331783,2.3244800653478,-1.37224488981369,-0.948195686538643,-3.06523436172054,1.16692694787211,-2.26877058844813,-4.88114292689057,2.25514748870463,-4.68638689759229,0.652374668512965,-6.17428834800643,0.594379608016446,-4.84969238709652,-6.53652073527011,-3.11909388163881,1.71549441975915,0.560478075726644,0.652941051330455,0.0819309763507574,-0.221347831198339,-0.523582159233306,0.224228161862968,0.756334522703558,0.632800477330469,0.250187092757197,0.01,1,15.0,0,0.009950330853168
57163.0,-10.3630494651588,4.54367201286394,-9.79589773551539,5.50800333404763,-6.03715599427489,-0.133492972364907,-11.7243461176622,-3.19834557193323,-4.76784222430147,-9.33212806886128,5.2241240042156,-7.74312234505579,-1.56034320038539,-7.14041803349475,1.18597782557697,-6.59870406570123,-12.1205390025684,-3.90409153348034,2.51343040062446,0.924396179705582,-2.45714487251707,1.68725664165106,0.977178353536712,-0.543368976583511,-0.289124786926125,-0.107586425389056,0.330641897772597,0.163577149556086,1.0,1,15.0,0,0.6931471805599453
57643.0,-0.78295860010895,1.11971656171761,1.43693247908004,0.66731907680732,-0.227506702169991,0.517900292214286,-0.207732200708829,0.696423483700893,-0.67975994906247,-0.2746072501654,1.01880916831117,0.891798468658345,0.438949712104302,0.495507096687272,0.900921257590634,0.215475604074452,-0.323794043523988,0.460418714490167,0.362978723705441,-0.121950949237932,0.186165371872411,0.415171832165391,0.0513793275895117,-0.317042084532913,-0.655335958567393,-0.495903567223619,-0.0286988813317112,0.0938331732724392,10.0,0,16.0,0,2.3978952727983707
58067.0,-0.264868683737295,3.38613996883911,-3.4549969895002,4.36762905773351,3.33606042827178,-2.05391842272465,0.256890458421417,-2.95723544083265,-2.8557972336327,-2.8084555425423,1.84750351109611,-2.4148223375383,-2.57322454244165,-6.5991261303635,0.123470382678038,2.57237180761341,6.60936580903842,2.53066979960508,-3.60265725092653,0.482513022122587,-1.39450379366468,-0.166029306744804,-1.45208118338289,-0.251814670710545,1.24346054282121,0.45278677690471,0.13221807596169,0.42459946550375,1.0,1,16.0,0,0.6931471805599453
58822.0,-4.38422089880268,3.26466481012305,-3.07715801666012,3.40359359659281,-1.93807528041028,-1.2210812776781,-3.3103166090276,-1.11197501012863,-1.97759328056305,-3.28820356526528,2.88609147657536,-6.84897793447677,-1.02923459062256,-7.46010298330266,0.0559060176229105,-4.33478342671028,-9.87456039324105,-3.54190332932228,-0.531558760456647,-0.141533268810834,2.07638272101207,-0.990302787008607,-0.330358452316133,0.158377625833497,0.0063514462492984,-0.493860013315231,-1.53765237842389,-0.994022490842227,45.64,1,16.0,0,3.842458542042237
59840.0,-3.21538175967748,-0.364223121381638,-1.26188334354906,3.79494903930385,0.71120593031272,-1.31647560298004,-5.16514055601052,0.625278383544947,-1.582300584728,-3.25263359468289,5.04075120270381,-5.31444220386187,-0.656470662006063,-6.23304367078495,0.974771279276835,-6.8903177453801,-9.51641148491956,-4.36412771489086,2.59857755637223,0.0196261688931224,0.40134124079647,0.152191258747201,-0.93467547449829,-0.256148382367333,-0.469403308828214,-0.282495914081921,0.86607691066145,-0.433465943783225,5.91,1,16.0,0,1.9329696377795784
60156.0,0.677060393408585,-0.701039160271071,0.631128245751507,1.17002117684041,-1.07932922009902,-0.841625914275404,0.314711155830514,-0.255999648244158,0.315143351551308,-0.361205842119319,-0.0016945127971521,1.20092467741529,0.90692478373661,-0.219681657882262,-0.252737952887734,-0.353164689917992,0.143502139562062,-0.965880683821397,-0.0708507813275207,0.463255076554673,-0.092791608629465,-0.652252643191906,-0.101270705848715,0.974861431007528,0.202209574070618,0.116553312872711,-0.0578673430609789,0.0704155985577517,269.95,0,16.0,0,5.601934302012123
60501.0,1.01244117079278,-0.419038415599239,1.18122279107436,1.63784447050702,-0.870373760743261,0.874712106249034,-0.781493397322927,0.563265536508952,1.3486198653539,-0.183893672254285,0.185748791415644,0.412507388196386,-2.7142909812921,-0.0727347694390776,-2.14295998000579,-0.836869803320691,0.658161339449667,-0.564918237833347,0.477256641924828,-0.325217874050062,-0.384049087247647,-0.807491293715188,0.089755797786383,-0.0387519860399845,0.311729408782396,-0.520341090463611,0.069786137246971,0.0155343478608081,22.48,0,16.0,0,3.156148994959896
61092.0,-2.31498194552324,1.86396377520478,1.64068650139686,0.886641514724118,-0.592326780362766,2.00248370251251,-2.26123557169789,-4.6233878385571,0.390321481327635,0.807485199206858,0.048422735973416,-0.1943074071915,-1.03745121874188,0.282376992205459,1.83922603965569,0.673727874214666,-0.517584020518911,2.00413325670553,1.52974570225995,0.643187744591362,1.09897239679586,0.407366485614297,0.206832715900474,-0.914466535292454,0.327271768703057,0.0995744351624857,0.540050047243817,0.150686859562961,9.03,0,16.0,0,2.305580601973844
61476.0,-1.67993812778684,1.39093617855575,1.14976415287646,0.913304240051661,-0.669472880673513,0.220258499249909,-0.03390688817864,0.997530342507645,-0.787794867067072,-0.575862583440313,0.415066801363264,1.22934260232724,0.430978242280692,0.536843313743773,-0.691629683733873,-0.121840142648847,0.152750362704659,0.338111229692584,1.32013531484777,-0.0168181397761005,-0.13519861842347,-0.416915539974678,-0.0618563599340458,0.0027651890014899,0.477782153069987,-0.396551016526392,0.011915312099243,-0.0835529121439573,49.99,0,17.0,0,3.931629535067065
62330.0,1.14086473658976,1.22131743135767,-1.45295546048243,2.06757505760281,0.854742052227546,-0.981222507744598,0.325713913670098,-0.0377214068783676,0.113219371615132,-2.12697274994354,0.915947028928619,-0.468571538051367,-0.523377293666349,-4.86186658087283,0.421013353871263,0.866440624739209,4.08248488419359,1.1963181517001,-1.10076358353881,-0.0677120411898438,-0.377597095255037,-0.79345965987036,-0.132333171548173,-0.33158626897425,0.664877856718148,-0.309312434134138,0.099941947375597,0.122988311929089,1.0,1,17.0,0,0.6931471805599453
63073.0,-1.2083672724233,0.820699764004408,1.96566221335441,-0.236173078699033,-0.0285371751377702,0.791668373466044,-0.199087177929943,0.58304678951273,0.0839739825589262,-0.348869626591756,-0.159924338517165,0.748495673238971,0.675759995227538,-0.453671101212306,-0.607833273646619,0.558637561398121,-0.76267570800516,0.752745485523601,0.918491860999955,0.155457456396776,-0.105456112687165,-0.0338788796284556,-0.321406081975878,-0.781092723203352,0.380619169460532,0.384703992129539,-0.114567691133141,-0.182143074861601,2.17,0,17.0,0,1.1537315878891892
64572.0,0.793717599662475,-0.710567524947292,1.01909874378012,1.31433320158531,-1.21040863985375,0.0611102551922638,-0.541378900433291,0.253041640618535,0.7366275454726,-0.0015331389083825,0.734592209748136,0.220022172943488,-1.52082947394153,0.287595876444968,0.113861668589156,0.534908991967976,-0.563847872788602,0.931907827315874,-0.185429876080578,0.129920451838798,0.262616219126858,0.433306500012571,-0.236748728728896,0.325700644947572,0.366909998003707,-0.289074860816057,0.0226637943968767,0.052357696891715,178.05,0,17.0,0,5.187665096444442
65728.0,1.22761441351286,-0.668973794096954,-0.271784826118016,-0.589439741635524,-0.604795004349645,-0.350284967097775,-0.486364540645055,-0.0108086285956747,-0.794944156080669,0.264544748886681,0.881268050432366,-0.324703760782435,-0.263263800489225,-1.11273543930467,-0.540849503339651,1.53341124817574,0.831442610720144,-0.473346676550517,1.19012126352217,0.273799209937263,-0.0260547222626376,-0.295254768133076,-0.180458520061445,-0.436538663158256,0.494649059264358,-0.28373826696629,-0.001128278642713,0.0350745013143425,98.01,1,18.0,0,4.595220855134423
67150.0,-1.82429505976067,0.403326526860602,-1.99412200641801,2.75655816357726,-3.13906432572579,0.408185014718199,-1.20904511871624,1.09563435393431,-1.44722489217345,-3.95100289197434,2.56070020158284,-3.4119829114195,-0.781669619949492,-4.7327675351632,-0.433973654922625,-3.30608841178359,-4.23102187544855,-0.750809770409941,2.69080834203374,1.50368830479002,0.838760421033887,0.341727095787049,0.947506491293615,-0.145493002452622,0.0493257725258454,0.831065451615044,0.33242130393302,0.252712728641008,489.71,1,18.0,0,6.195853321938544
67776.0,-1.20240919293129,-1.66420836563587,2.01153585931721,-0.157705902709153,0.703442102925321,-0.482895935848653,-0.604640183227581,-0.444425286893513,0.112364808571743,1.52694934023844,0.205187723240321,-0.551267876652778,-1.21810082427728,-0.758924524319892,-0.654836311007573,-0.918956751669844,-1.10669225934394,2.28657996072328,-1.31938209035087,-0.970963553660671,-0.319167208299775,0.422323721740063,-0.382819722831108,-0.0213025889444406,-1.2951796939908,-0.668561272479565,-0.185756040279145,-0.454389681962171,72.4,0,18.0,0,4.29592393562047
68207.0,-13.1926709562391,12.785970638298,-9.90665002092758,3.32033688288942,-4.80117593230105,5.76005855618556,-18.7508891580107,-37.3534426378925,-0.391539743919107,-5.05250236713858,4.40680552357904,-4.61075647740608,-1.90948796970811,-9.07271093398351,-0.226074450896345,-6.21155748212485,-6.24814535335983,-3.14924669470095,0.0515761185277783,-3.49304991519446,27.2028391573154,-8.88701714094871,5.30360690376998,-0.639434802306313,0.263203123457008,-0.108876929971315,1.26956635541013,0.939407362758877,1.0,1,18.0,0,0.6931471805599453
68207.0,-13.1926709562391,12.785970638298,-9.90665002092758,3.32033688288942,-4.80117593230105,5.76005855618556,-18.7508891580107,-37.3534426378925,-0.391539743919107,-5.05250236713858,4.40680552357904,-4.61075647740608,-1.90948796970811,-9.07271093398351,-0.226074450896345,-6.21155748212485,-6.24814535335983,-3.14924669470095,0.0515761185277783,-3.49304991519446,27.2028391573154,-8.88701714094871,5.30360690376998,-0.639434802306313,0.263203123457008,-0.108876929971315,1.26956635541013,0.939407362758877,1.0,1,18.0,0,0.6931471805599453
68428.0,-0.805209250381805,0.883951485108127,2.32524845783189,1.03968431154903,-0.326241971220979,1.17829218865778,-0.574772678124783,-1.33355685630136,0.238200431039923,0.122292105233775,1.08238778205151,0.859971831980784,-0.264274563217522,-0.284375505538312,0.0366018753549689,-0.569703703560413,0.172619227599969,0.297123144484539,0.816733316385896,-0.285057726271537,1.59580657979045,0.112368705963247,0.0814518685105563,-0.0046989066339717,-0.550352713218914,-0.347466311370283,0.165867227188908,-0.0597617358475242,9.99,0,19.0,0,2.39698576841553
69394.0,1.14043132434726,1.13424300279892,-1.42945474072655,2.01222598912655,0.622800198240135,-1.1529230868157,0.22115947772768,0.0373717733484629,0.0344859259841517,-1.87964382107016,2.19166507997652,-0.487849732811135,-1.75713709936308,-4.46105120749925,-0.402884205654366,1.4109171085787,3.61925125200524,2.28492676267757,-0.443999191918561,-0.0997118777920308,-0.367136001490949,-0.891627120817809,-0.160578066799212,-0.10832596200032,0.668374321480191,-0.352393242949003,0.0719927692746503,0.113684370071235,1.0,1,19.0,0,0.6931471805599453
70229.0,0.315641749332386,1.63677796226183,-1.51964988293973,4.02857099852445,-1.18679426720391,-0.789813099852487,-2.27980740468004,0.472987926704315,-1.65763500271185,-2.89499040084744,1.60198538284757,-2.82494562476694,1.26920363552044,-5.59136368933409,-0.974827287131074,-2.73779549628906,-4.9615343155062,-2.22479740778771,-0.136117269757132,0.388884849068478,0.345920750226663,-0.1080015945344,-0.165441941824109,0.279894580016653,0.808783092569154,0.117362632970147,0.58959490284462,0.30906407378289,3.79,1,19.0,0,1.5665304114228238
70593.0,1.45810911609447,-1.0019646178785,0.101048260764219,-1.56836652781238,-0.989476932659923,-0.130341602218805,-0.928809770443476,-0.0221376693441526,-2.25170481596649,1.57553355829953,1.21161657107022,-0.0413368884287479,0.806751955170126,-0.09473149014606,0.0359468146326546,-0.532452680700265,0.433454308053627,0.0613249895499951,-0.192642144974571,-0.304428363932932,-0.0823894126172876,0.170827221923747,-0.0673104561813906,-0.292616815935362,0.472275944201066,-0.0849275487842056,0.033241536514673,0.0008137144603878,20.1,0,19.0,0,3.0492730404820207
72042.0,-0.898543418801958,0.866327611449689,1.2341687355955,-0.366260451681646,-0.120825075641171,-1.34522628170421,0.856073232390391,-0.328077706443171,0.502194563411955,0.396956888144958,-0.488232242832157,-1.13747971352797,-2.12279148770951,0.175677117348659,0.616604879236556,0.187773200067223,-0.527908489955454,-0.0428485070115368,-0.985992397497106,-0.0142605023885613,0.0803189730899646,0.413999159551274,-0.208102116292874,0.694345563877386,0.0545837044131011,0.286962162341797,-0.115112241596382,-0.0179167679547539,19.0,0,20.0,0,2.995732273553991
72327.0,-4.19873460983989,0.194120636801706,-3.91758567828042,3.92074784640417,-1.87548574659158,-2.11893292738694,-3.61444510993627,1.68788446543007,-2.18987113590881,-4.68423332514029,4.37690666362302,-5.00744082816051,-1.30474507803596,-6.19247526385522,1.00240426741391,-3.31693430074553,-6.18883415213498,-1.04041264854272,1.23304434947994,1.0033504305956,0.801312235949018,-0.183000576489906,-0.440386862411508,0.292539411877521,-0.144967421927777,-0.251743981877142,1.24941367428483,-0.131524643545312,238.9,1,20.0,0,5.480222169845649
75556.0,-0.734303155037818,0.435519332206195,-0.530865546585229,-0.471119606930407,0.643214386605141,0.713832369657908,-1.23457207133269,-2.55141159871634,-2.05772382572102,0.166830707878014,0.567551954604602,-0.85805991589575,-0.448067929957678,-0.264936238828755,0.88886293915465,0.838120616560385,1.42505965449185,-0.169664182600728,2.50202738858443,0.864536120628702,-1.00487737851609,1.15035358786928,-0.152555282700309,-1.38674463324096,0.0047160148280004,0.21914583821982,-0.0582573076118087,0.158047988697071,29.95,1,20.0,0,3.432372999130605
75581.0,-2.86636370525907,2.34694943137396,-4.05330668845935,3.98335888025187,-3.46318571327039,-1.28095301603103,-4.47476383461874,1.21665528478137,-2.30982869782019,-5.51550707258062,3.04839203447565,-7.12825076846601,0.0059558009251745,-7.49518733635876,-0.25108802193356,-7.5680148993231,-12.2236328477344,-4.89517519350497,2.52496746940249,0.270013154062001,1.04973156228305,0.475840283409025,0.404480059350581,0.282029789710327,-0.506901095688855,-0.371741093052833,0.615256964379468,0.803162841917988,124.53,1,20.0,0,4.832544773830117
77202.0,-0.356326154090313,1.43530513012275,-0.813563965472736,1.99311717679272,2.0558775401316,-0.54357866590526,0.487691066602944,0.0854488054265826,-0.536351998021526,-2.23120932812687,0.273983570211148,-0.535839387011391,0.595677221650834,-5.14182349291966,0.732366764261792,0.623912780633594,4.09098324669186,1.63408402811385,0.26084733041578,0.303261648412104,-0.312862941766726,-0.687873797330169,-0.267002508610821,-1.15848006325515,0.271459963711122,-0.155397186179697,0.114328416432227,0.101525594435204,1.0,1,21.0,0,0.6931471805599453
77730.0,-0.491631433929442,1.00495975418845,1.75927093795659,0.0443105035773992,-0.153817048327652,-0.739442839597217,0.622327496459818,0.0475932646942402,-0.410813750184216,-0.350773811356388,0.270953894683866,0.126863559289451,-0.241623163586864,0.234031483357838,1.0784243494029,-0.242173964244349,0.0880060104588698,-0.956083589569169,-0.543745564675648,0.0345112061604539,-0.168032107310711,-0.395216877809155,0.0717934642954456,0.583027014789029,-0.343944505342732,0.0684981069983198,0.281952795379351,0.122541452480083,1.29,0,21.0,0,0.8285518175661483
81225.0,1.2514174256939,-0.438819979022227,0.123631672760556,-0.150974096241887,-0.518364792705537,-0.13998206704666,-0.272450835274919,-0.0402943262374454,-1.25530360074564,0.786924036640551,1.25201779481755,1.15045829570874,0.791252664293764,0.13419129383602,-0.616554294406443,-1.95702381345846,0.231945229722892,0.680014635709248,-0.713289168405865,-0.452796299165502,-0.326246715414451,-0.344190517176557,-0.0420917897112381,0.0693998195652504,0.464161686448323,0.563103459702173,-0.0147381064248773,-0.0015569687158716,30.1,0,22.0,0,3.4372078191851885
82080.0,1.08203546812153,-0.0636482037186477,0.221501861276045,1.2404391816844,-0.0958176138294269,0.308290846860615,-0.102210440430691,0.230870173218406,0.279513125080395,0.0742597330658685,0.610281651569778,0.304825699864365,-1.66871075668716,0.551633685983404,-0.600014099511006,-0.355570516557783,-0.0189877654653505,-0.183070883513304,0.0456389104566271,-0.200456447692832,-0.069745746336082,-0.145491424466252,-0.125028252020497,-0.327301891566949,0.613896908625409,-0.308233634030524,0.0196678699131033,0.0048503638432141,40.41,0,22.0,0,3.723522397557476
84204.0,-1.92745281973369,1.82762056700016,-7.01949468454197,5.34830323951426,-2.73918788004738,-2.10721929638307,-5.01584797563431,1.20586815982046,-4.38271250852199,-8.33770697381781,7.19030608944843,-9.42484446049178,-0.223292646427513,-12.8754942229841,-0.071918160688794,-6.2999613976222,-12.719207160428,-3.74017615583058,0.844059610296466,2.17270905626492,1.37693832294098,-0.792016725563067,-0.771414187530036,-0.379574271539528,0.718716522008066,1.11115125599517,1.27770725705846,0.819081152045361,512.25,1,23.0,0,6.240763055899043
84204.0,-0.937843305478391,3.46288948991687,-6.44510395393435,4.9321986662268,-2.23398306982245,-2.29156112129773,-5.69559392853253,1.33882463362261,-4.32237655329329,-8.0991193981365,7.18296700883659,-9.44594338249901,-0.314619967520224,-12.9914655817567,-0.136358931959623,-6.36752437517144,-12.7343938853776,-3.84512965889743,1.00766725992114,1.12953228130351,1.06655024941577,-0.521657289347299,-0.319917292909547,-0.405859088093617,0.906802159957716,1.16578389011737,1.37449533233535,0.729889341911333,0.0,1,23.0,0,0.0
84553.0,1.22690681191225,-0.459909805718357,0.776782201667214,-0.912480423768881,-1.05327494040122,-0.326313489364887,-0.731127479862138,0.175811941914434,1.69273287671495,-0.889507479235794,0.840095912407866,0.939814548118529,-0.781639100702623,0.169974773320339,0.674468832467553,-0.115290509709846,-0.476060745397641,0.879565631349866,0.97607559288988,-0.149626797407106,0.0092103887512025,0.20682843794014,-0.080777896718877,0.0021095168419675,0.490435961311382,-0.680955000106665,0.0847229752844128,0.0201999267419556,1.0,0,23.0,0,0.6931471805599453
84694.0,-4.86810843844627,1.26441977404559,-5.16788542660662,3.19364784504611,-3.04562137708228,-2.09616609885545,-6.44561018266068,2.4225355920307,-3.2140554159387,-8.74597261185534,5.41604190908794,-8.16412507731485,-0.165010607208302,-10.1935303551514,-1.89521031032574,-7.36047460938421,-14.6687710766351,-4.87711900477519,1.38560952778492,0.66730977994879,1.26920538901712,0.0576572516592633,0.629307399675982,-0.168431773502721,0.443743902404587,0.276539471570389,1.44127396787951,-0.127943726430018,12.31,1,23.0,0,2.58851563240702
85285.0,-7.03030814445441,3.42199090467553,-9.52507177254752,5.27089100906596,-4.02463027558805,-2.86568161775739,-6.98919473439446,3.79155093755913,-4.62273033596451,-8.40966487562735,6.30904400603177,-8.57676143258937,0.246746716929862,-11.5340460181508,-0.3642651387587,-5.45249465771382,-11.8875700201872,-3.56358481007011,0.876018768156628,0.545698040621445,1.10339774484256,-0.541854751589521,0.0369432219896495,-0.355519004066217,0.353634382097,1.04245799282131,1.35951563156376,-0.272188101257294,0.0,1,23.0,0,0.0
85285.0,-6.71340697159693,3.92110415204576,-9.74667821737542,5.14826254938013,-5.15156271985187,-2.09938865681113,-5.93776683170198,3.57877960420447,-4.6849517505833,-8.53775768653457,6.34897930341209,-8.68160893168352,0.251179384774619,-11.6080022570993,-0.351568782034355,-5.36356643348466,-11.9390915052116,-3.58360287020043,0.897402406121681,0.135711322729059,0.954272201927517,-0.45108644858101,0.127214424071711,-0.339449869297565,0.394095513633807,1.07529509891805,1.6499059092424,-0.394905372194808,252.92,1,23.0,0,5.537019256778099
85573.0,-1.7567118508365,3.26657425418237,-4.15338789695403,3.92452561357555,-1.7537718434176,-1.0057867792296,-4.31321717578502,1.56071190324579,-3.29567366751075,-6.2133552491157,4.52299197543382,-6.6528440527591,-0.12468523386066,-8.60448620191387,0.110359314846888,-5.94548061159606,-9.33893779428438,-2.39019258818085,3.18415235636348,0.874720103498016,0.911427441871296,0.0530612807310541,-0.367700953962814,-0.776337755840596,0.292093831084717,0.025999713844171,1.0629681996854,0.501148168228208,1.0,1,23.0,0,0.6931471805599453
86467.0,2.12774450916428,0.0304638326210451,-1.79825229614341,0.0479728877020493,0.74780068647531,-0.368642354188309,0.24653380301847,-0.294347139392529,0.474777678310178,-0.0326280929915594,-1.21065008543558,0.580164130799877,1.30709688284266,0.215086281735755,0.774035367922082,-0.0589366637894978,-0.830401299564403,0.0177713509729821,0.0088279300157871,-0.119112474202744,0.205624550061729,0.778376467479789,-0.0745871641871146,-0.0228430578258471,0.416736211763177,-0.0928767242409909,-0.0160181669459599,-0.0575835342685285,4.78,0,0.0,1,1.754403682684286
87658.0,0.166955442194131,0.685634354785294,0.29419635113738,-1.08470974847677,0.56384697056105,-0.782451563280018,0.868291669283853,-0.14644076685749,0.31994638932046,-0.939646239333744,-1.35481076739753,-0.111888385291867,-0.11877562133104,0.31310552886415,0.728071698769426,0.241851769419974,-0.923251432495726,-0.11929367539325,0.229204334207125,-0.178003735480259,-0.37930942553325,-1.13890732436744,0.142125209379967,-0.762349366207011,-0.615435656550009,-1.15290857974922,0.0915602049384795,0.05484978604046,9.13,0,0.0,1,2.315501318260592
87795.0,-2.35754401993881,2.27129780654322,-0.76661060813642,-3.02993630838813,0.643043249710553,-0.795709594616501,0.982982172552022,0.209296780208871,0.975446101151554,0.466269556738314,-1.27683032644666,0.636508301876521,1.22723201275941,-0.325706629714156,-0.460778097530913,0.37614713525379,-1.04464164692754,-0.816605057513091,-0.704223948062154,0.566433348582238,-0.449055916963753,-0.910296598236975,-0.0760978786500062,0.100043536712007,0.291935910745336,0.319000589842743,-0.0980883589485199,-0.101067126310981,5.0,0,0.0,1,1.791759469228055
91502.0,0.0073790751145725,2.36518252886777,-2.60028738169342,1.11160176466249,3.2764413263667,-1.7761407852846,2.11453088108345,-0.830084106599812,0.900489974281822,-3.37617706712688,2.05681205985716,-3.9842567303491,1.02196791340796,-5.96790496861639,-1.15160831490592,1.67973960141233,5.58611468683053,2.78913115591619,-2.24107485298106,-0.0063884972816308,-0.563944162060269,-0.902099515410175,-0.404382448597275,-0.0129439005065412,0.589836154947909,-0.734449052212668,-0.447529183217452,-0.362374775122343,1.0,1,1.0,1,0.6931471805599453
91554.0,-5.10025566317088,3.63344238024837,-3.84391862443125,0.183208447320966,-1.18399737637674,1.6021393332506,-3.00595315203476,-8.64503780175356,1.28545810732477,-3.71748137540216,3.71921153916465,-5.03402974701745,0.918999158233287,-4.22036591807154,-1.05049995739584,-1.69104526842648,-2.37242320724166,0.450098503348706,0.407805060819919,-2.80630192287329,8.28043932580154,-2.79714954096118,1.09070659271567,-0.159259597476933,0.532156369375709,-0.497125808167425,0.943621624807946,0.553580691756943,261.22,1,1.0,1,5.5691838460712555
92092.0,-1.10847821852891,3.44895257232738,-6.21697180605649,3.02105161812575,-0.529900931709915,-2.55137517507643,-2.00174290819286,1.09243237369483,-0.836098368778531,-4.09564897273592,2.42595071598052,-6.06726194524698,1.83243272022382,-3.50170251648822,-1.00400820464185,-3.5012811030282,-2.941876323532,-1.12574106196719,0.37371480785248,-0.0685983809223332,0.825951491439622,1.14416978988846,0.208559481945769,-0.295497424488562,-0.690232196243341,-0.364749075788586,0.229327220125504,0.208829891689567,18.0,1,1.0,1,2.9444389791664403
92798.0,1.72872573054797,-1.56415085154777,-0.668149327274287,-0.579597542461251,-1.04044898736233,-0.163481839686565,-0.856190142667908,-0.229150835989952,1.23806528353473,0.25319661871957,0.177939985132693,-2.61236891725017,3.04220596331198,0.786944570261575,-0.183865009194733,1.41872354121905,0.562405563736829,-0.654122320175098,0.0802402580315235,0.520429680017614,0.38375365323679,0.878301653729344,-0.064268030306476,0.591816850143954,-0.232859711928741,-0.156942019481079,-0.0542025059579891,-0.0022979765854556,250.0,0,1.0,1,5.5254529391317835
93383.0,1.6439868027879,-1.68277577261382,-0.70682608658902,-0.738347224585833,-0.526308966895526,1.27842150855334,-1.21080169071491,0.274707002199224,1.36206138623712,0.151778521173326,0.814814940013288,-2.7947209296553,2.04531434073726,1.05814517418372,0.72232251524652,0.484843830854838,1.54650540253791,-2.03119180782828,-1.09670962306249,0.291246838408963,0.449005843722166,1.20680287985377,0.0810100610468959,-0.357899095573187,-0.499322861369749,-0.0595151721581332,-0.0006025245486225,-0.020013829810274,218.04,0,1.0,1,5.3892543615401385
93824.0,-3.63280894927825,5.43726336227612,-9.13652148062595,10.3072263079132,-5.42183029451154,-2.86481514933136,-10.6340876212042,3.01812657999175,-4.89164032107494,-11.2350479111446,8.78878366710272,-18.5536970096458,-0.339533407676443,-15.6231873302985,-0.188978574214972,-12.4279613630565,-20.1590474539227,-6.88889109280947,2.58609321670737,1.35406479520345,2.30988016889674,0.978660126299279,-0.0961301444473713,0.432376722544823,-0.435627929953396,0.65089278643537,1.69360750804844,0.857685371687245,8.54,1,2.0,1,2.255493485460195
93853.0,-5.83919161928092,7.1515323543223,-12.8167600806187,7.03111476501099,-9.6512721679897,-2.93842725771624,-11.5432071690832,4.84362653179436,-3.49427572506535,-13.3207888671784,8.46024444901677,-17.003289445516,0.101556614891384,-14.094451660329,0.747030766392512,-12.6616957230679,-18.9124938172188,-6.62697484523061,4.00892074227194,0.0556838813863639,2.46205591127559,1.05486518382957,0.530480596078193,0.472669814042592,-0.275997967880675,0.282435024801752,0.104886020210564,0.254417096767513,316.06,1,2.0,1,5.759091030415082
93856.0,-6.75050851563533,5.36741605145469,-10.0546349530569,9.06447791765316,-7.96811808353808,-2.26379841398236,-10.317566180676,4.23766573099145,-5.32410880613734,-11.0923923688428,7.15408284221914,-17.1504052507291,-0.0953992277686904,-11.0301103643432,-1.95905455483077,-12.4485623424367,-22.6679054064789,-9.26460873295655,1.9823563171714,-0.0812198922441237,1.90903201764938,-0.34873973066671,0.425000563135111,0.674908669807175,-0.784208393488163,-0.247422102935353,1.1595813739152,0.197817874685768,209.65,1,2.0,1,5.350197988425026
94362.0,-26.4577446501446,16.497471901867,-30.1773174564996,8.90415677106517,-17.8925996927224,-1.22790388102871,-31.1973285494605,-11.43892041491,-9.46257260540015,-22.1870885620007,4.41999660154863,-10.5923050053728,-0.703795803703315,-3.92620731586873,-2.40024649210124,-6.80988994039049,-12.4623149481086,-5.50105078380738,-0.567939572890149,2.81224110932946,-8.75569832116533,3.46089334478551,0.896537503959012,0.254835536763482,-0.738096558530353,-0.966564233789852,-7.26348214633855,-1.32488430656137,1.0,1,2.0,1,0.6931471805599453
95628.0,-17.5189091261484,12.5721178535385,-19.0385383213549,11.1908946558522,-13.5547207079601,-0.41192361337145,-23.189396512394,-5.30141221815132,-8.63039030596902,-16.2556117491401,5.70211147983179,-13.8124040899594,-0.306815322507812,-7.01360737195925,-1.18229035380557,-9.3601791927531,-16.6683693822389,-7.14746777723207,2.16209864550609,2.52851232971436,-4.96947772242457,0.976124822110751,1.8412479337881,0.334417748210128,-0.720128461316563,-0.232603423065217,-3.02199247294556,-0.478158234859683,1.63,1,2.0,1,0.9669838461896731
96717.0,-3.7058559456413,4.10787318567637,-3.80365599543613,1.71031444791959,-3.58246604635748,1.4697289395611,-9.62156012711908,-11.9131046925977,-0.322296771337166,-6.62569249371823,2.17523030559549,-4.38107755793604,2.06329870945929,-0.673818453194249,1.40076321660287,-4.25492662033392,-5.16021301572915,-1.30252591599748,2.59445276115475,3.63960274068724,-5.49877168010629,2.94147540326902,0.916235852911927,-0.25550447969595,-0.18383483865098,-0.584538952417976,-0.315483570351021,-0.0972228121259146,1.0,1,2.0,1,0.6931471805599453
97418.0,1.88137453430278,-0.42263742818209,0.539867251443913,0.588967319420123,-1.2067051077981,-0.453463384372703,-1.02082384350042,0.0188970171165056,2.28583667898975,-0.239580677976599,2.370202988104,-0.985323470550979,2.21522428713511,1.22903248549052,-0.774236120204695,0.63825768954348,0.0212699280417769,0.539992168505483,-0.443907002860892,-0.178689773990136,-0.0174146054999907,0.329209918603754,0.376533799617099,0.530743542935348,-0.710550873585045,0.385788512476876,-0.0394917234633049,-0.0462184692413844,15.95,0,3.0,1,2.830267833826459
100298.0,-22.3418888868038,15.53613332478,-22.8652284959099,7.04337354768731,-14.1831291919342,-0.463144880408286,-28.2151120538009,-14.6077905214735,-9.48145633401495,-20.9491915543611,4.73958247105186,-11.9249546896802,-1.50141102577851,-3.83678146634435,-2.72032883823594,-8.88010567222989,-15.8251362851177,-6.75042522352437,-0.129188144339879,4.10001904830367,-9.11042257588182,4.15889482041313,1.41292844456256,0.38280067392155,0.447153952515532,-0.632816336434319,-4.38015425911661,-0.467862869164174,1.0,1,3.0,1,0.6931471805599453
101269.0,-0.960460898075636,0.255999280660183,1.57959868569827,0.523208136736102,0.308121247684643,-0.0835171969533742,1.06341549154101,-0.0470311963982243,1.48738742256172,-1.51085831464503,-0.520722789440279,-1.94173993511767,1.70228043290283,0.994945241824414,-2.66997955417926,-0.334093845776758,0.429288749997382,-0.585407492363648,-0.739947498818888,0.10280223716244,-0.478771020233766,-1.26934650499695,0.429713468896883,-0.171656411228574,-0.234174946340793,-1.25906701316435,0.0915362777880829,0.172139258737914,154.68,0,4.0,1,5.047802618437695
102671.0,-4.99175779387947,5.2133398229232,-9.11132629809104,8.43198635177602,-3.4355156720863,-1.8275651016855,-7.11430284412379,3.43120663145462,-3.87564287029742,-6.86850850672582,7.15062516950116,-10.2629840447185,2.73308493575221,-10.1275247811671,-0.262783621001749,-5.19027103814098,-8.6557110398096,-2.02444347438745,1.5604792800844,0.0981321924634143,1.18942283937597,0.247858476295777,0.294448330047117,-0.548503502162266,-0.174616566570794,0.406702503092405,-0.40233927269736,-0.882885795448957,0.0,1,4.0,1,0.0
109208.0,0.194535658300396,0.513637730137848,-0.635149719245906,-2.33532890906897,0.880255196682934,-1.96213526929694,1.55313643382059,-0.845667804735442,2.14297341934005,-1.43736748198973,0.0438600806869898,-3.12968704609453,0.0260847541795025,2.17282268911745,-0.0184659519446012,-1.13267498503665,0.451744922505468,0.149904070278846,0.503827027066724,-0.262113761309253,-0.0267749914274856,0.371720361997794,-0.32602665496507,-0.149012501171061,0.101564557616347,-0.21879635438213,-0.307586833485663,-0.218702119178498,18.95,0,6.0,1,2.9932291433358724
110087.0,1.93494645561548,0.650677737498259,-0.286957048622899,3.98782809057201,0.316051835129206,-0.0994493763543019,-0.0214831582313935,-0.172327298889228,0.508730034701461,1.07295520625891,-0.427567391481657,-2.777649223895,1.63714014878874,1.5710801214626,-1.44536681818908,0.908649625166723,-0.122016068028642,-0.104109917156777,-1.6840216339214,-0.344452123814994,-0.173601631022283,-0.190973581696087,0.219975571293889,-0.216596550704603,-0.136691885594352,-0.129953649978571,-0.0500768352982461,-0.0510818960798855,1.0,1,6.0,1,0.6931471805599453
110617.0,-1.10103546371767,-1.67492805871463,-0.573388195590639,5.6175556662941,0.765556412634615,0.440607080848915,1.93474047501363,-1.01978754945585,-0.19324423129657,1.7837390603636,0.606910821999133,-2.85427542751023,2.37947304553589,1.26814661675691,-0.28361908940932,-0.482192055998123,0.8110054093379,-0.357910684579857,0.752760921550722,-0.0383141473363703,-0.412525822025647,-0.208823118913215,0.344832725150856,1.09143473162108,-0.686512742633337,0.0758089204336296,0.0338647378770195,-0.83285502022751,635.1,1,6.0,1,6.455355783684759
120934.0,2.09812321565257,0.077242167416834,-1.86548301790082,0.431278378476534,0.693070196862844,-0.747660438961318,0.542756304807268,-0.404660491368053,0.209119954089249,0.0937147160141232,-1.02562145267786,0.744635538340822,0.957971864711462,0.191182106078737,-0.505618087593821,-0.50921740137177,-0.287275401173844,-0.791227951662573,0.259876276376563,-0.126331877881437,-0.0376763314174273,0.103178532657477,0.0475248499486998,0.551584540106843,0.309284344057214,0.358221416904737,-0.0831650154996733,-0.0664539186282981,12.99,0,9.0,1,2.63834278867739
125200.0,-0.769171691743673,1.3422122564916,-2.1714541366788,-0.151513299728476,-0.648374467317641,-0.973504253142134,-1.70665765414268,0.313744516691369,-1.98230184657376,-3.15812700566592,1.3415717221686,-3.29947236985172,1.24764737362737,-6.39337284276668,-0.0532048016171774,-3.25804634128955,-3.34889609796046,0.217330714330335,-0.917407954929339,-0.102294252090737,-0.0361222946216654,-0.753591202726119,-0.0471133973013113,0.358492767536875,-0.287406815695466,0.476505957022081,0.250530561357973,0.250987222920341,40.0,1,10.0,1,3.713572066704308
125472.0,-1.51579390282465,1.73280487574791,0.689584381467544,2.67915435499493,2.01764284037869,0.130092868773699,1.6242129355314,-0.260373650273767,-2.78208677324585,1.34887858889673,0.727119624037115,0.126476094795501,0.45496829983586,0.523037114096417,-1.29433903237038,0.463689859803731,-0.904327273187901,-0.0257430455975134,-0.634460481175719,-0.356731362654881,0.115684582857362,0.334037212240721,-0.210247362398027,0.775351583987861,1.07188735332432,0.195754616532341,-0.460150574336814,-0.0149913715779094,0.76,0,10.0,1,0.5653138090500605
125612.0,1.88961791435199,1.07309853428207,-1.67801752213825,4.17326819444992,1.01551580609762,-0.0093890345376856,-0.0797056036973578,0.0640708218352963,-0.714516675807338,0.0422275201898101,-0.408402781057003,-0.929370065771482,0.0586863166856154,-3.51284546122181,-0.164612974126633,2.06985302474878,1.7333815808837,1.58075796212324,-2.33518537609962,-0.15357026465285,0.203727978494943,0.733795720552592,-0.0365597489616082,0.334305770703597,0.147171035637962,0.279556488222951,0.0316687807243937,0.0358833226413502,3.22,1,10.0,1,1.4398351280479205
126922.0,1.85914818226444,-0.907076027168177,-0.166232214237938,-0.394547412624593,-1.12107644328092,-0.563515971522693,-0.608774466796698,-0.104249666016191,1.91024738717075,-0.66865952496657,-0.866534404655418,1.49200619984587,1.25629441443883,-0.777060250296206,-0.489123078210544,-0.36875393189461,-0.0479267711168309,-0.727461994528485,0.66882117636813,0.0383789726778732,-0.199758935836654,-0.32695478122273,0.284917308486143,0.124567786183121,-0.518428092118272,0.389677589832914,-0.0207631365516444,-0.0309039634130379,82.0,0,11.0,1,4.418840607796598
134766.0,-0.0796525365521887,3.22201046223725,-3.7242013893074,6.03734512826846,0.583394746331946,-0.691346179707007,-1.79988483348006,-2.62778128431688,-4.00133786259094,-2.27152578398956,1.51389817939856,-3.68294346446482,0.185830426148668,-4.69278763834241,0.247495674947084,-2.68188105082889,-2.28614467887841,-1.04884490280911,0.994829500437418,1.1985372847387,-0.664694294683722,1.13855644649209,-0.350753364122197,-0.287467300585566,0.808889022979463,0.823961705381379,0.668496565754242,0.595609828713858,1.0,1,13.0,1,0.6931471805599453
135095.0,0.232512476136408,0.938943680000523,-4.64777987861917,3.07984368774547,-1.90265531863884,-1.04140751952949,-1.02040664482631,0.547068603184495,-1.10599029357172,-3.52012767367189,2.07411645462861,-3.01077173816878,0.694977689554512,-5.38783122686352,1.778669797797,-2.93580442477364,-2.28557270821558,-0.237055632781029,1.97974707098703,1.14161507545704,0.911372759326949,1.04292865643844,0.999393887913078,0.901260455221573,-0.452093168108936,0.192959213794113,0.180859449380341,-0.0293153378913553,345.0,1,13.0,1,5.846438775057725
135394.0,2.10613857994023,-0.798143250815136,-1.18931023915273,-0.720380913952632,-0.758719848598448,-0.553299118795485,-1.07007817652482,0.0750412472099214,-0.0202177954047947,0.273599695945462,0.944757089081648,-0.698986864778252,-0.875688690416306,-1.72118128271321,-0.187441134719744,1.94402729319513,1.1213570645046,0.184661830278631,0.548441477920026,-0.0172111989320479,0.264418314121526,0.778378907641206,0.0689678151201863,-0.521369290080063,-0.186386984276104,-0.0786343827049812,0.0210853010324912,-0.0272979342877165,19.95,0,13.0,1,3.0421386463681466
139553.0,-1.04018777985531,-1.17805485351897,0.0892368272066155,-1.17074803590443,0.406776053098254,-0.486352613325354,0.0821768173068133,-0.252814393594115,-0.779387487732177,0.512154131508287,0.141673780323002,0.404537749714115,0.843073908083813,-0.712996313326379,-2.36662219605957,0.186439739213667,0.380964389680684,-0.83121062236384,1.6993694716621,-0.102899777932683,0.575819480724223,2.09082496828429,-0.463192351016284,-0.156288202264305,-0.170464276867899,0.224516843061005,0.0241535962498065,0.367439042179219,136.0,0,14.0,1,4.919980925828125
139767.0,0.467991939825149,1.1001181155631,-5.60714499999017,2.20471352581391,-0.578538842835423,-0.174199760931247,-3.45420147180469,1.10282268929697,-1.06501551547524,-5.41603688884657,4.49792897288062,-5.01960988798824,-1.01969120130359,-7.91498900748283,0.669648023350281,-4.47201433366572,-5.8569977597527,-2.2431779037749,-0.17381402447058,0.589574721718141,0.983480729453912,0.899876105807612,-0.285103424654105,-1.92971710448514,0.319868526124677,0.170636428415686,0.851798305715368,0.372098282227753,120.54,1,14.0,1,4.800243426707209
141320.0,-6.35233691096656,-2.37033515007664,-4.87539667887196,2.33504453116197,-0.809554897212021,-0.413647316208307,-4.08230817063438,2.23908947335972,-1.98635950470675,-5.16533081830893,2.94293916487767,-4.12572224190365,-0.433094395260294,-3.5181311704857,0.420777387095712,-5.10447983930312,-7.9253889983055,-3.41570671508705,0.71833237368083,0.186898304507656,1.32521840044042,1.22674487561089,-1.4852168616857,-1.47073226048821,-0.240053392971609,0.112972036960476,0.910590643802817,-0.650943712766886,195.66,1,15.0,1,5.28147634935201
141565.0,0.1149650477972,0.76676154669164,-0.494132199415659,0.116771978233793,0.86816853524791,-0.477982006349535,0.438495665220681,0.0630733402552484,-0.186207089214194,-0.159325098707444,1.20030360709416,0.281744446861465,-0.623844030466212,-0.658246292064356,-0.155888356613225,0.0562273489244218,0.653662125212474,0.33465531172159,1.02892683645358,0.0621985703923592,-0.284412898740297,-0.706865471630836,0.131404855625717,0.600742122018719,-0.604264275304309,0.26293785502267,0.0991446312768992,0.0108097183119463,4.49,1,15.0,1,1.7029282555214391
142840.0,-3.61385045502803,-0.922135693038651,-4.74988736419275,3.37300132781874,-0.545207025424103,-1.17130106266974,-4.17231457141019,1.51701594293521,-1.77583268078792,-3.75405392305562,2.73157578227581,-3.48937464729063,1.54738008909916,-4.57126773103714,-0.517958568740869,-4.23908653141223,-9.25063451000699,-2.4348278029986,1.98738627690236,-0.320540972806239,0.7867870185412,0.893064859228385,1.03490656705841,0.097671080445461,-1.34555112500186,-0.788328913242689,1.05544197476733,0.0999714026087802,144.8,1,15.0,1,4.982235819574558
143629.0,-0.704871547235401,1.09172236548243,0.0265455340415476,2.91252733882799,1.22926956272416,0.565215898977732,0.48558277253445,0.667737750329617,-1.81229305786916,0.829254335651466,-1.19627485851888,-0.95936547096881,-1.79934393118282,1.02225904117945,-1.79233700745066,1.15790871080191,-0.934387737024619,0.511653550823533,-0.229466496481684,-0.206567735372196,-0.0701867511288005,-0.619788020118946,0.0891947421965109,-1.21600075651075,-0.850680599129152,-0.30704440379766,0.0530992646353291,0.086932976549793,35.99,0,15.0,1,3.610647605844363
144492.0,2.02722978880361,0.462557604185985,-2.50196013305768,0.596618746012089,0.6581273407066,-1.32726737597522,0.203059082140186,-0.190893505642236,0.41208365441355,-1.0023855451196,1.44997587865354,-0.145681667969982,-0.986028701983297,-2.17052348887086,0.49590435112659,1.10472977757573,1.45631195743283,1.98484866958775,-0.282110157578382,-0.192375331401661,0.117388668982725,0.462074767243637,-0.0882561341894579,-0.576061194329224,0.238862484462931,-0.0971389099578121,0.0097643554649189,-0.0075869145497367,1.0,0,16.0,1,0.6931471805599453
145108.0,1.35229015218487,-2.27393078639337,-1.7286263910798,-0.342684655934772,-0.827444688504225,-0.144659025018989,0.0046392059463086,-0.337073188443107,-0.0518244557041688,0.408748068483978,-1.13150000711282,0.297099561340286,1.29788305598529,-0.748482597440003,-1.46830094592443,0.113639022060719,0.70011967344865,-1.59434494002611,0.734550727839228,0.925102684178091,0.726914334345946,1.46676796891427,-0.530977277687115,0.774934411295179,0.376256261215413,0.219528645185781,-0.0905358868649051,0.0129539165131406,450.0,0,16.0,1,6.111467339502679
146022.0,0.908636658181293,2.84902401493181,-5.64734296336341,6.00941477810058,0.216656395035464,-2.39701442397293,-1.81930788593969,0.338526987742346,-2.81988277297887,-4.06309810827338,2.94119009271712,-6.15136219091534,-1.98952853525001,-9.15095100562097,-0.604289998808266,-1.95229039984463,-2.89255533222526,-0.912057960709434,-1.56373996709776,0.241921294746754,0.407260461266497,-0.397434852530952,-0.0800058534116311,-0.168596545191964,0.465058497798457,0.210509756241616,0.648704799002062,0.360224330288316,1.18,1,16.0,1,0.7793248768009976
146211.0,-0.437417920825763,-0.25706733229571,0.407214857974733,-0.0877920715787889,0.700036334477556,0.319015672848212,1.08793152794579,-0.20336225219861,0.387653668449581,-0.588726891314894,-1.53380511912639,-0.407909280575959,-0.079421788165954,-0.03500172557298,0.917549723171403,-0.57635958890872,-0.422597144638658,0.492905395950758,1.14676880255751,0.552772570174704,0.192603494792393,0.472105928169192,0.251508183867158,0.0009647502093803,-0.323036888501993,-0.580458529872128,0.0065578752411432,-0.0005204041627176,183.0,0,16.0,1,5.214935757608986
149582.0,-4.28058383167792,1.42110000741665,-3.90822884348162,2.94294608011161,-0.0762053360306411,-2.00252600045019,-2.87415473251562,-0.856005441485914,0.963674230223562,-3.23543895742654,3.34180192747217,-7.56286042898412,-1.8474434271558,-11.5714234295766,-1.4815558418284,-6.18091869945618,-9.28518598266033,-3.92172214129965,0.685510860299876,-0.198962780003302,-0.140061995134615,-0.90772022005271,-0.680107948583095,-0.349169892929711,0.0562758915123628,-1.14992266869478,-1.80988612030864,0.723051433275673,1.1,1,17.0,1,0.7419373447293773
149640.0,0.754315925858731,2.37982185248504,-5.13727449343089,3.81839172249665,0.0432026520139663,-1.28545137361934,-1.76668362059541,0.756710661816359,-1.76572209782095,-3.26300672553831,3.59279683214404,-2.77234880583364,-0.0745336542111445,-6.28109364908023,0.165978009089423,-2.67917124597012,-1.38555652893852,0.249056748544312,2.3534526931986,0.369662961829814,0.397057600980957,0.141165218358707,0.171984534755456,0.394273775761011,-0.4446418368392,-0.2631890643687,0.304702950350999,-0.0443622747894533,2.0,1,17.0,1,1.0986122886681098
150236.0,0.00285499762814,0.885194647730572,0.372299513998044,-0.689334945337016,0.487995428494588,-0.836391354440234,0.958824774754005,-0.109329851526827,-0.424969960024284,-0.262945946245929,0.984935966210266,1.26112337203769,0.668090286278616,0.162870982034125,-1.19426262965195,0.0400046961609957,-0.66877201507448,-0.377734983080238,0.165864172829455,0.0115847653171825,-0.195760932295497,-0.379038216522579,0.0532341500932386,0.0916427259260123,-0.507286611960115,0.112573103719963,0.249433543239018,0.0895407633992217,0.89,0,17.0,1,0.636576829071551
151029.0,-3.81821371829341,2.55133767783118,-4.75915831591909,1.63696695878653,-1.16790008391088,-1.67841338780471,-3.14473247208576,1.24510555037845,-1.69254135414833,-4.75993137385013,3.64225693939881,-4.165202322571,0.703069875094878,-7.62431631397779,-1.49801239964762,-4.07999232998846,-6.71717654755023,-1.88754964911755,1.35674828969143,0.164453445972909,0.837685440079622,0.761712127064149,-0.417694265920243,-0.469712471536136,-0.225934235750846,0.586415248500604,-0.348107405939032,0.0877768724326224,10.7,1,17.0,1,2.4595888418037104
152036.0,-4.32060921481281,3.19993870654465,-5.79973605389345,6.50233023566696,0.378479252807864,-1.94824637096657,-2.16785950480668,-0.728206711605414,-1.97723831745674,-3.47341070390428,4.56919375212135,-9.32115263136084,-1.59251765115386,-14.2668362798028,0.467776602458787,-4.06620855488173,-6.62696817708246,-1.43715841938037,-0.215409738450978,-0.263686068021973,0.47666042483552,0.434278328284482,-0.13693991841301,-0.620071695417129,0.642530576414265,0.28071734804164,-2.64910674899003,0.533640939848599,1.0,1,18.0,1,0.6931471805599453
152058.0,-3.57636177773708,3.29943622098785,-7.46043319687438,7.78363417666419,-0.398548657536885,-1.96844144838725,-3.11047619254795,-0.328403695377149,-1.57436284547485,-2.49756054724841,4.60417047790948,-9.0019148555682,-1.27632400546329,-13.9694706254616,1.25694535316357,-4.49162922501012,-5.96998693103967,-1.27466622002178,1.14778361222539,-0.181455201194929,0.540730752300116,0.719526342466937,0.379248749413946,-0.616961860032022,-0.44281081400968,0.359840688732324,-2.65182487459349,0.422184391599186,1.0,1,18.0,1,0.6931471805599453
152710.0,0.0510754846328574,1.31042652386526,0.733222065309853,2.62028192286183,1.40235761449282,0.528488564738172,1.08601442622803,-0.146422713225732,-1.72433297471822,1.28016674259048,0.470864719590572,0.43554195900858,0.594974116113431,-0.142098601080574,-2.02473460275883,0.828290651436422,-1.27478714656577,0.134277305184542,-1.48943421708841,-0.125876996990695,0.229936134951611,0.766926566765976,-0.189623667620704,0.766852957965077,-0.141400750027805,-0.0772779620355944,-0.29759539535716,-0.221816034161724,2.47,1,18.0,1,1.244154593958768
154493.0,-7.38154698606367,-7.44901515872674,-4.6962865237175,3.72843914957409,6.19830434711234,-6.40626663445964,-5.83145156036761,1.45717491941563,-0.6462025802667,-4.02912871953916,2.52894302060173,-3.308721722205,-1.99200968898389,-5.75721608217278,-0.877323474271716,-1.54755182348258,-1.90901678581052,0.500567470429737,0.136722438174659,2.93275812573212,1.17657484784395,-0.978692051214679,-0.278330343454922,-0.635873793806618,0.123539440325404,0.404729308452323,0.704914653621431,-1.22999168169143,35.0,1,18.0,1,3.58351893845611
155140.0,-0.810605230893172,0.911548191807234,-0.377856078969291,-0.573068783395727,-0.343684120370215,0.429899343318022,-0.251158412304326,-1.08335538043216,-1.37110766081295,0.441292560372375,-0.187209175419311,-0.192078220962543,-1.29855273119451,0.865059899219873,-1.2438147559589,-1.37218376087096,-0.186888110247048,2.20118782974244,-1.29349948878572,-1.18003597873973,1.68905725437392,0.395914375954873,0.14007037267974,0.627693728938215,-0.519429854441796,-0.511544856648141,0.248537081182714,0.165302293727072,64.0,0,19.0,1,4.174387269895637
155359.0,-1.067713272294,5.26231210944906,-8.4385670664835,7.31648729995658,0.0082535729164869,-2.12593631959976,-3.3070357352934,1.86983752340028,-4.52258362448849,-5.17281182346005,5.59112619350265,-5.64041745782421,0.784510038605689,-12.0438056158463,0.353814874886981,-1.92055816814255,-1.87992827944447,0.679751299229409,0.797641375455208,0.821404548671474,0.547789786518153,-0.491959821843257,0.0559141341245579,-1.14536853471475,0.0689513455242996,0.535054734945035,0.539263072143882,0.124255055772618,0.77,1,19.0,1,0.5709795465857378
155554.0,-1.04006722316026,3.10670266443901,-5.40902719870311,3.10990342442989,-0.887237039790953,-2.49752183582566,-2.07334746311485,0.639818099305764,-3.01333057190308,-5.9548382969224,3.58639450927204,-5.51714762692598,0.683652475018798,-8.5604228759795,1.85609491585409,-4.87824808848093,-4.33599801203682,-1.3771910852015,3.0573817418767,1.05439010295385,0.773960867519738,0.214868420362258,-0.184233022038014,-0.284091370881042,0.493466608549931,0.732328821135949,0.675066703315442,0.337076231470716,94.82,1,19.0,1,4.562471431454976
155965.0,-1.20139778318497,4.86453518123444,-8.32882331553453,7.65239936205533,-0.167445105903909,-2.76769464972835,-3.17642095110716,1.62327867967437,-4.36722762476754,-5.5334430286147,4.1064045585523,-6.33182479621436,0.671784814909419,-12.1565865835299,1.02025178475153,-2.11086343309451,-1.55854452752772,0.195991826282669,0.502453451135321,0.597025549850308,0.532320016259289,-0.556913021850898,0.192444399731584,-0.698588444235578,0.0250027161193826,0.514967603188505,0.378105295962737,-0.0531327938498238,0.77,1,19.0,1,0.5709795465857378
156833.0,0.0209066136994065,0.769202071548022,0.278484083369988,-0.565959740739717,0.346661985048242,-1.16898550870666,0.936046121649177,-0.155545827839801,0.0913950133704075,-0.383165460591247,-1.07042675549993,-0.329635504875809,-0.878080560265915,0.290921580100564,-0.305383709347901,-0.0546719020094347,-0.354160278706612,-0.641152427385342,-0.0813099621989303,-0.085896860422081,-0.267125261494331,-0.644257845089115,0.089606464085552,0.0148503598442295,-0.518764804894758,0.140686567083596,0.239957479999902,0.0962624415812035,4.26,0,19.0,1,1.6601310267496183
157095.0,-1.14358760927821,1.34896014738028,-0.0873713235157899,-0.781913290481042,0.466283798114909,-0.861665352268715,1.61028597950716,-0.600325736579332,0.961743883564642,0.697327576258032,-0.851495373683029,0.253676892548519,0.137874601977821,-0.419489070124209,-0.447777088234881,-0.767235096337857,-0.504402075582671,-0.735589683634785,-0.009793475078056,0.116771356458029,-0.297992065026635,-0.0392305047779162,-0.068327987486384,-0.0931335494768015,-0.630376971831959,-0.727876601280159,-0.261328255492587,-0.385919484474373,59.29,0,19.0,1,4.099166252501314
159454.0,1.65822235936528,-0.596803050038571,-0.702950817443636,1.23513833147766,0.425266664824653,1.78302719531986,-0.482445612227457,0.552818697137628,0.946992248419292,-0.0081047779363731,0.456287862716024,1.45277686114661,-0.238682997627583,-0.0049762754064326,-1.09530676207942,-0.906887601142451,0.300856951857206,-1.50914772130883,-0.35249361400245,-0.200682876944883,-0.386659288189423,-0.916340588306433,0.363525101604571,-1.71270702193393,-0.508272103592808,-1.00138452575728,0.0851320031202707,-0.0439998275897041,85.34,0,20.0,1,4.458292990127331
160991.0,-0.0756479891380115,1.10946885394229,-0.699021311976268,-0.442673166829417,1.58585193633476,0.170460380573523,0.383375589922055,-0.787870823806246,-0.415176946014612,-1.73762424818709,0.690470117811189,0.396639118944299,0.360884713856447,-2.5921800110756,-1.20772227198519,0.869950049329769,1.42534302429675,1.35078796309229,0.0794410818790382,-0.0601144031565577,0.643964216741817,-0.485578445822189,-0.958199994167713,-0.257705628026468,2.14826266181198,0.961742547550893,0.0162583176246905,0.158884455228792,10.7,0,20.0,1,2.4595888418037104
161391.0,-0.215209110194665,0.548518712136355,1.35774154021183,2.83995992603837,0.696145074614077,1.7431715579362,0.945876878652384,0.0986681630056959,-0.655317349230762,0.625705894915724,-2.24904232353657,-0.0067597927379466,1.12320870132855,-1.09234220653752,-2.09514416058737,0.87084073690409,-1.09951142616303,-0.285151937481749,-1.23056850450326,0.241675760571532,-0.0686245680805452,-0.0902872702695663,0.503944477275475,-0.0299564888770326,-1.36482521331236,-0.526634944772702,0.0931388315497704,0.0795658265536679,151.28,0,20.0,1,5.0257209315142966
169347.0,1.37855899734127,1.28938093711056,-5.00424678441137,1.4118498419441,0.442580635567782,-1.3265359338336,-1.41316995590712,0.248525467627175,-1.12739593417081,-3.23215317539514,2.8584658156696,-3.09691489835154,-0.792532436177748,-5.21014084572584,-0.613803263850514,-2.15529688535221,-3.26711568106648,-0.68850546268346,0.737657217477667,0.226137945500703,0.370611857232494,0.0282344454140697,-0.145640429197154,-0.0810494069107769,0.521874501959455,0.739467256056059,0.389151843520624,0.186636547522687,0.76,1,23.0,1,0.5653138090500605
170703.0,-0.334288618310241,0.815609866006228,0.146919875495903,-0.607276009560307,0.579481333153638,-1.08671991303873,0.992376186937648,-0.293804704051427,0.059049011346555,-0.192181292009293,-0.975862078630919,0.287685147117578,0.42530368206381,-0.0486264391420407,-0.405550900013583,-0.0837131516161755,-0.503247317350899,-0.756865695483026,-0.0092098392171152,-0.0727348082152653,-0.246298197552455,-0.554693998380749,0.208674673758305,-0.111328728171865,-0.440365476839899,0.126368424127532,-0.0166196616266051,0.112132378834017,3.59,0,23.0,1,1.5238800240724537
