model,strategy,precision,recall,f1,roc_auc,pr_auc,true_positives,false_positives,true_negatives,false_negatives
catboost,baseline,0.9473684210526315,0.7346938775510204,0.8275862068965517,0.957513379578055,0.8092541950272905,36,2,28430,13
xgboost,oversample,0.8809523809523809,0.7551020408163265,0.8131868131868132,0.9667340909351922,0.8056927233396444,37,5,28427,12
xgboost,adasyn,0.8043478260869565,0.7551020408163265,0.7789473684210526,0.9734841741986608,0.80282536029615,37,9,28423,12
xgboost,smotetomek,0.7916666666666666,0.7755102040816326,0.7835051546391752,0.9559342448290514,0.7933898096604372,38,10,28422,11
xgboost,smote,0.7916666666666666,0.7755102040816326,0.7835051546391752,0.9559342448290514,0.7933898096604372,38,10,28422,11
lightgbm,oversample,0.8444444444444444,0.7755102040816326,0.8085106382978723,0.9501582005903093,0.7925032970011722,38,7,28425,11
random_forest,adasyn,0.8372093023255814,0.7346938775510204,0.782608695652174,0.9624126451368392,0.7844369546095558,36,7,28425,13
catboost,oversample,0.8085106382978723,0.7755102040816326,0.7916666666666666,0.9469654772432327,0.782744867805763,38,9,28423,11
lightgbm,adasyn,0.5064935064935064,0.7959183673469388,0.6190476190476191,0.9478907066484444,0.7766346023473274,39,38,28394,10
random_forest,class_weight,0.8974358974358975,0.7142857142857143,0.7954545454545454,0.9246189260735246,0.7742971809087938,35,4,28428,14
random_forest,baseline,0.9210526315789473,0.7142857142857143,0.8045977011494253,0.9057303211098733,0.7739373091027965,35,3,28429,14
random_forest,smotetomek,0.8372093023255814,0.7346938775510204,0.782608695652174,0.9408312565318756,0.773829507680819,36,7,28425,13
random_forest,smote,0.8372093023255814,0.7346938775510204,0.782608695652174,0.9408312565318756,0.773829507680819,36,7,28425,13
random_forest,oversample,0.918918918918919,0.6938775510204082,0.7906976744186046,0.9359370154927474,0.7734916779365851,34,3,28429,15
catboost,smotetomek,0.6666666666666666,0.7346938775510204,0.6990291262135923,0.9497296808425113,0.7719388118225556,36,18,28414,13
catboost,smote,0.6666666666666666,0.7346938775510204,0.6990291262135923,0.9497296808425113,0.7719388118225556,36,18,28414,13
lightgbm,smote,0.6557377049180327,0.8163265306122449,0.7272727272727273,0.9490276836677272,0.7605906002917019,40,21,28411,9
lightgbm,smotetomek,0.6557377049180327,0.8163265306122449,0.7272727272727273,0.9490276836677272,0.7605906002917019,40,21,28411,9
catboost,adasyn,0.5692307692307692,0.7551020408163265,0.6491228070175439,0.9457136540603861,0.7588235621673088,37,28,28404,12
xgboost,baseline,0.8604651162790697,0.7551020408163265,0.8043478260869565,0.9746319180457776,0.7228922297770259,37,6,28426,12
knn,baseline,0.9166666666666666,0.673469387755102,0.7764705882352941,0.8875889339979097,0.7126899900547872,33,3,28429,16
xgboost,undersample,0.05511811023622047,0.8571428571428571,0.10357583230579531,0.9615832404993512,0.6982160954934019,42,720,27712,7
random_forest,undersample,0.072992700729927,0.8163265306122449,0.13400335008375208,0.9606978483571256,0.6589458637710157,40,508,27924,9
logistic_regression,baseline,0.8275862068965517,0.4897959183673469,0.6153846153846154,0.9419581845118463,0.6550449843365835,24,5,28427,25
svm,baseline,0.8387096774193549,0.5306122448979592,0.65,0.9315064658390088,0.6516740934408524,26,5,28427,23
lightgbm,undersample,0.05167958656330749,0.8163265306122449,0.09720534629404617,0.9654966235227912,0.6301708248072373,40,734,27698,9
logistic_regression,smotetomek,0.05639614855570839,0.8367346938775511,0.1056701030927835,0.9560961061408244,0.629557622856898,41,686,27746,8
logistic_regression,smote,0.05639614855570839,0.8367346938775511,0.1056701030927835,0.9560961061408244,0.629557622856898,41,686,27746,8
logistic_regression,class_weight,0.05923836389280677,0.8571428571428571,0.11081794195250659,0.9606863637407692,0.6282544524757309,42,667,27765,7
logistic_regression,oversample,0.05982905982905983,0.8571428571428571,0.1118508655126498,0.9605266557945631,0.624951884539573,42,660,27772,7
catboost,undersample,0.08203125,0.8571428571428571,0.1497326203208556,0.9654528384229324,0.6183775778744737,42,470,27962,7
knn,oversample,0.6851851851851852,0.7551020408163265,0.7184466019417476,0.8875027993752368,0.6159194082278143,37,17,28415,12
svm,undersample,0.05810810810810811,0.8775510204081632,0.10899873257287707,0.9617354116660733,0.6037265833116685,43,697,27735,6
svm,smotetomek,0.06732348111658457,0.8367346938775511,0.12462006079027356,0.952744392636064,0.6016965224500517,41,568,27864,8
svm,smote,0.06732348111658457,0.8367346938775511,0.12462006079027356,0.952744392636064,0.6016965224500517,41,568,27864,8
logistic_regression,adasyn,0.019953596287703015,0.8775510204081632,0.03901996370235935,0.9490571129971404,0.5999119213700159,43,2112,26320,6
svm,class_weight,0.07056798623063683,0.8367346938775511,0.13015873015873017,0.9569276641438792,0.5947878587049181,41,540,27892,8
svm,oversample,0.07118055555555555,0.8367346938775511,0.1312,0.9563362064015251,0.5945878850771125,41,535,27897,8
logistic_regression,undersample,0.06542056074766354,0.8571428571428571,0.12156295224312591,0.9585060811043606,0.5909522930207591,42,600,27832,7
svm,adasyn,0.01911111111111111,0.8775510204081632,0.037407568508046975,0.9489393956794873,0.5897824032979319,43,2207,26225,6
knn,adasyn,0.4431818181818182,0.7959183673469388,0.5693430656934306,0.8974262256956806,0.5576024615265591,39,49,28383,10
knn,smote,0.4431818181818182,0.7959183673469388,0.5693430656934306,0.8974262256956806,0.5576024615265591,39,49,28383,10
knn,smotetomek,0.4431818181818182,0.7959183673469388,0.5693430656934306,0.8974262256956806,0.5576024615265591,39,49,28383,10
decision_tree,baseline,0.7346938775510204,0.7346938775510204,0.7346938775510204,0.8671183231311658,0.5402315383582625,36,13,28419,13
knn,undersample,0.11331444759206799,0.8163265306122449,0.19900497512437812,0.942752417511743,0.5397648105124147,40,313,28119,9
decision_tree,oversample,0.8,0.6530612244897959,0.7191011235955056,0.8263899256945321,0.5230458687460097,32,8,28424,17
decision_tree,class_weight,0.723404255319149,0.6938775510204082,0.7083333333333334,0.8467101598658596,0.502480639979334,34,13,28419,15
decision_tree,smote,0.35714285714285715,0.7142857142857143,0.47619047619047616,0.8560349505587266,0.2555935965903513,35,63,28369,14
decision_tree,smotetomek,0.35714285714285715,0.7142857142857143,0.47619047619047616,0.8560349505587266,0.2555935965903513,35,63,28369,14
decision_tree,adasyn,0.33695652173913043,0.6326530612244898,0.4397163120567376,0.8152537956657058,0.21380857525870622,31,61,28371,18
lightgbm,baseline,0.232,0.5918367346938775,0.3333333333333333,0.705061772880227,0.16279378553142143,29,96,28336,20
naive_bayes,adasyn,0.03350083752093802,0.8163265306122449,0.06436041834271923,0.9474298864171442,0.08343332833564601,40,1154,27278,9
naive_bayes,baseline,0.06132075471698113,0.7959183673469388,0.11386861313868613,0.9430050790715836,0.0800548142269599,39,597,27835,10
naive_bayes,smotetomek,0.05442176870748299,0.8163265306122449,0.10204081632653061,0.9407616310452149,0.07712238195664636,40,695,27737,9
naive_bayes,smote,0.05442176870748299,0.8163265306122449,0.10204081632653061,0.9407616310452149,0.07712238195664636,40,695,27737,9
naive_bayes,oversample,0.05420054200542006,0.8163265306122449,0.10165184243964422,0.9426917643816108,0.07581483886340679,40,698,27734,9
naive_bayes,undersample,0.03940886699507389,0.8163265306122449,0.07518796992481203,0.9384514286862747,0.056546154271705146,40,975,27457,9
decision_tree,undersample,0.02073050345508391,0.8571428571428571,0.04048192771084337,0.8936811640807139,0.018014780848512886,42,1984,26448,7
